{"type":"FeatureCollection","crs":{"type":"name","properties":{"name":"EPSG:4326"}},"features":[{"type":"Feature","id":1,"geometry":{"type":"Point","coordinates":[10.0027105835453,59.4736929635798]},"properties":{"OBJECTID":1,"Type":null,"Materiale":"Tre","HC_vennlig":null,"Tas_inn_for_vinteren":null,"Merknader":null,"NummerplateId":null}},{"type":"Feature","id":2,"geometry":{"type":"Point","coordinates":[10.0029550112551,59.4738825486271]},"properties":{"OBJECTID":2,"Type":null,"Materiale":"Tre","HC_vennlig":null,"Tas_inn_for_vinteren":null,"Merknader":null,"NummerplateId":null}},{"type":"Feature","id":3,"geometry":{"type":"Point","coordinates":[10.0105192341097,59.4845797913255]},"properties":{"OBJECTID":3,"Type":null,"Materiale":"Tre","HC_vennlig":null,"Tas_inn_for_vinteren":null,"Merknader":null,"NummerplateId":null}},{"type":"Feature","id":4,"geometry":{"type":"Point","coordinates":[10.0105851664865,59.4845689332974]},"properties":{"OBJECTID":4,"Type":null,"Materiale":"Tre","HC_vennlig":null,"Tas_inn_for_vinteren":null,"Merknader":null,"NummerplateId":null}},{"type":"Feature","id":5,"geometry":{"type":"Point","coordinates":[10.0105584666572,59.4844975163164]},"properties":{"OBJECTID":5,"Type":null,"Materiale":"Tre","HC_vennlig":null,"Tas_inn_for_vinteren":null,"Merknader":null,"NummerplateId":null}},{"type":"Feature","id":6,"geometry":{"type":"Point","coordinates":[10.0096324578928,59.484386725188]},"properties":{"OBJECTID":6,"Type":"ASVO benker med rygg","Materiale":"Tre","HC_vennlig":null,"Tas_inn_for_vinteren":null,"Merknader":null,"NummerplateId":null}},{"type":"Feature","id":7,"geometry":{"type":"Point","coordinates":[10.0095782228237,59.4843703250535]},"properties":{"OBJECTID":7,"Type":"Oslobenker","Materiale":"Tre","HC_vennlig":null,"Tas_inn_for_vinteren":null,"Merknader":null,"NummerplateId":null}},{"type":"Feature","id":8,"geometry":{"type":"Point","coordinates":[10.0086945824693,59.4843587829218]},"properties":{"OBJECTID":8,"Type":"ASVO benker med rygg","Materiale":"Tre","HC_vennlig":null,"Tas_inn_for_vinteren":null,"Merknader":null,"NummerplateId":null}},{"type":"Feature","id":9,"geometry":{"type":"Point","coordinates":[10.0087191670125,59.4842636669153]},"properties":{"OBJECTID":9,"Type":"Oslobenker","Materiale":"Tre","HC_vennlig":null,"Tas_inn_for_vinteren":null,"Merknader":null,"NummerplateId":null}},{"type":"Feature","id":10,"geometry":{"type":"Point","coordinates":[10.008825965996,59.4840551169162]},"properties":{"OBJECTID":10,"Type":null,"Materiale":"Tre","HC_vennlig":null,"Tas_inn_for_vinteren":null,"Merknader":null,"NummerplateId":null}},{"type":"Feature","id":11,"geometry":{"type":"Point","coordinates":[10.0095045675391,59.4839199000752]},"properties":{"OBJECTID":11,"Type":null,"Materiale":"Tre","HC_vennlig":null,"Tas_inn_for_vinteren":null,"Merknader":null,"NummerplateId":null}},{"type":"Feature","id":12,"geometry":{"type":"Point","coordinates":[10.0094689810492,59.4839006643995]},"properties":{"OBJECTID":12,"Type":null,"Materiale":"Tre","HC_vennlig":null,"Tas_inn_for_vinteren":null,"Merknader":null,"NummerplateId":null}},{"type":"Feature","id":13,"geometry":{"type":"Point","coordinates":[10.0093961417924,59.4838540370875]},"properties":{"OBJECTID":13,"Type":null,"Materiale":"Tre","HC_vennlig":null,"Tas_inn_for_vinteren":null,"Merknader":null,"NummerplateId":null}},{"type":"Feature","id":14,"geometry":{"type":"Point","coordinates":[10.0093604983647,59.4838266761325]},"properties":{"OBJECTID":14,"Type":null,"Materiale":"Tre","HC_vennlig":null,"Tas_inn_for_vinteren":null,"Merknader":null,"NummerplateId":null}},{"type":"Feature","id":15,"geometry":{"type":"Point","coordinates":[10.0093122491854,59.4835461833716]},"properties":{"OBJECTID":15,"Type":null,"Materiale":"Tre","HC_vennlig":null,"Tas_inn_for_vinteren":null,"Merknader":null,"NummerplateId":null}},{"type":"Feature","id":16,"geometry":{"type":"Point","coordinates":[10.0093281142932,59.4835295607444]},"properties":{"OBJECTID":16,"Type":null,"Materiale":"Tre","HC_vennlig":null,"Tas_inn_for_vinteren":null,"Merknader":null,"NummerplateId":null}},{"type":"Feature","id":17,"geometry":{"type":"Point","coordinates":[10.0094101669457,59.4833432496524]},"properties":{"OBJECTID":17,"Type":null,"Materiale":"Tre","HC_vennlig":null,"Tas_inn_for_vinteren":null,"Merknader":null,"NummerplateId":null}},{"type":"Feature","id":18,"geometry":{"type":"Point","coordinates":[10.0128716661272,59.48871333317]},"properties":{"OBJECTID":18,"Type":"ASVO benker med rygg","Materiale":"Tre","HC_vennlig":null,"Tas_inn_for_vinteren":null,"Merknader":null,"NummerplateId":null}},{"type":"Feature","id":19,"geometry":{"type":"Point","coordinates":[10.0101796338541,59.4811772335494]},"properties":{"OBJECTID":19,"Type":"Oslobenker","Materiale":"Tre","HC_vennlig":null,"Tas_inn_for_vinteren":null,"Merknader":null,"NummerplateId":null}},{"type":"Feature","id":20,"geometry":{"type":"Point","coordinates":[10.0101505670278,59.4811636503991]},"properties":{"OBJECTID":20,"Type":"Oslobenker","Materiale":null,"HC_vennlig":null,"Tas_inn_for_vinteren":null,"Merknader":null,"NummerplateId":null}},{"type":"Feature","id":21,"geometry":{"type":"Point","coordinates":[10.0114243661008,59.4697387666111]},"properties":{"OBJECTID":21,"Type":null,"Materiale":"Tre","HC_vennlig":null,"Tas_inn_for_vinteren":null,"Merknader":null,"NummerplateId":null}},{"type":"Feature","id":22,"geometry":{"type":"Point","coordinates":[10.0114758671231,59.4693907829293]},"properties":{"OBJECTID":22,"Type":"ASVO benker med rygg","Materiale":"Tre","HC_vennlig":null,"Tas_inn_for_vinteren":null,"Merknader":null,"NummerplateId":null}},{"type":"Feature","id":23,"geometry":{"type":"Point","coordinates":[9.99977102666765,59.48862793703]},"properties":{"OBJECTID":23,"Type":"ASVO benker med rygg","Materiale":"Tre","HC_vennlig":null,"Tas_inn_for_vinteren":null,"Merknader":null,"NummerplateId":null}},{"type":"Feature","id":24,"geometry":{"type":"Point","coordinates":[9.82892475536836,59.5127001163721]},"properties":{"OBJECTID":24,"Type":"ASVO benker med rygg","Materiale":"Tre","HC_vennlig":null,"Tas_inn_for_vinteren":null,"Merknader":null,"NummerplateId":null}},{"type":"Feature","id":25,"geometry":{"type":"Point","coordinates":[9.82891537120255,59.5127197234478]},"properties":{"OBJECTID":25,"Type":"ASVO benker med rygg","Materiale":"Tre","HC_vennlig":null,"Tas_inn_for_vinteren":null,"Merknader":null,"NummerplateId":null}},{"type":"Feature","id":26,"geometry":{"type":"Point","coordinates":[9.83013665961507,59.512686479171]},"properties":{"OBJECTID":26,"Type":null,"Materiale":"Plast","HC_vennlig":null,"Tas_inn_for_vinteren":null,"Merknader":null,"NummerplateId":null}},{"type":"Feature","id":27,"geometry":{"type":"Point","coordinates":[9.82914362805235,59.5127194649928]},"properties":{"OBJECTID":27,"Type":"ASVO benker med rygg","Materiale":"Tre","HC_vennlig":null,"Tas_inn_for_vinteren":null,"Merknader":null,"NummerplateId":null}},{"type":"Feature","id":28,"geometry":{"type":"Point","coordinates":[9.82913173754467,59.5126580992306]},"properties":{"OBJECTID":28,"Type":"ASVO benker med rygg","Materiale":"Tre","HC_vennlig":null,"Tas_inn_for_vinteren":null,"Merknader":null,"NummerplateId":null}},{"type":"Feature","id":29,"geometry":{"type":"Point","coordinates":[9.83023234777072,59.5127772231316]},"properties":{"OBJECTID":29,"Type":"ASVO benker med rygg","Materiale":"Tre","HC_vennlig":null,"Tas_inn_for_vinteren":null,"Merknader":null,"NummerplateId":null}},{"type":"Feature","id":30,"geometry":{"type":"Point","coordinates":[9.83021483814039,59.5128305691111]},"properties":{"OBJECTID":30,"Type":"ASVO benker med rygg","Materiale":"Tre","HC_vennlig":null,"Tas_inn_for_vinteren":null,"Merknader":null,"NummerplateId":null}},{"type":"Feature","id":31,"geometry":{"type":"Point","coordinates":[9.83024965070085,59.5128779163972]},"properties":{"OBJECTID":31,"Type":"ASVO benker med rygg","Materiale":"Tre","HC_vennlig":null,"Tas_inn_for_vinteren":null,"Merknader":null,"NummerplateId":null}},{"type":"Feature","id":32,"geometry":{"type":"Point","coordinates":[9.68249466748983,59.6207982004048]},"properties":{"OBJECTID":32,"Type":"ASVO benker med rygg","Materiale":"Tre","HC_vennlig":null,"Tas_inn_for_vinteren":null,"Merknader":null,"NummerplateId":null}},{"type":"Feature","id":33,"geometry":{"type":"Point","coordinates":[9.68289971752009,59.6211068337521]},"properties":{"OBJECTID":33,"Type":"ASVO benker med rygg","Materiale":"Tre","HC_vennlig":null,"Tas_inn_for_vinteren":null,"Merknader":null,"NummerplateId":null}},{"type":"Feature","id":34,"geometry":{"type":"Point","coordinates":[9.68281063271594,59.6212469499238]},"properties":{"OBJECTID":34,"Type":"ASVO benker med rygg","Materiale":"Tre","HC_vennlig":null,"Tas_inn_for_vinteren":null,"Merknader":null,"NummerplateId":null}},{"type":"Feature","id":35,"geometry":{"type":"Point","coordinates":[9.68200481714883,59.6207877662892]},"properties":{"OBJECTID":35,"Type":"ASVO benker med rygg","Materiale":"Tre","HC_vennlig":null,"Tas_inn_for_vinteren":null,"Merknader":null,"NummerplateId":null}},{"type":"Feature","id":36,"geometry":{"type":"Point","coordinates":[9.68196776605629,59.6208096666198]},"properties":{"OBJECTID":36,"Type":"ASVO benker med rygg","Materiale":"Tre","HC_vennlig":null,"Tas_inn_for_vinteren":null,"Merknader":null,"NummerplateId":null}},{"type":"Feature","id":37,"geometry":{"type":"Point","coordinates":[9.68182695042639,59.6206774999735]},"properties":{"OBJECTID":37,"Type":null,"Materiale":"Tre","HC_vennlig":null,"Tas_inn_for_vinteren":null,"Merknader":null,"NummerplateId":null}},{"type":"Feature","id":39,"geometry":{"type":"Point","coordinates":[9.63109820307885,59.6265229240732]},"properties":{"OBJECTID":39,"Type":null,"Materiale":"Tre","HC_vennlig":null,"Tas_inn_for_vinteren":null,"Merknader":null,"NummerplateId":null}},{"type":"Feature","id":40,"geometry":{"type":"Point","coordinates":[9.63108074218843,59.626509925995]},"properties":{"OBJECTID":40,"Type":null,"Materiale":"Tre","HC_vennlig":null,"Tas_inn_for_vinteren":null,"Merknader":null,"NummerplateId":null}},{"type":"Feature","id":41,"geometry":{"type":"Point","coordinates":[9.60068896004588,59.6276375225642]},"properties":{"OBJECTID":41,"Type":"Champetre forlenget","Materiale":"Tre","HC_vennlig":null,"Tas_inn_for_vinteren":null,"Merknader":null,"NummerplateId":null}},{"type":"Feature","id":42,"geometry":{"type":"Point","coordinates":[9.60066398348635,59.6276594413654]},"properties":{"OBJECTID":42,"Type":"Champetre forlenget","Materiale":"Tre","HC_vennlig":null,"Tas_inn_for_vinteren":null,"Merknader":null,"NummerplateId":null}},{"type":"Feature","id":43,"geometry":{"type":"Point","coordinates":[9.60093845004721,59.6274733668772]},"properties":{"OBJECTID":43,"Type":"Champetre","Materiale":"Tre","HC_vennlig":null,"Tas_inn_for_vinteren":null,"Merknader":null,"NummerplateId":null}},{"type":"Feature","id":44,"geometry":{"type":"Point","coordinates":[9.59977163269825,59.6272453836895]},"properties":{"OBJECTID":44,"Type":"Steingrupper","Materiale":"Stein","HC_vennlig":null,"Tas_inn_for_vinteren":null,"Merknader":null,"NummerplateId":null}},{"type":"Feature","id":45,"geometry":{"type":"Point","coordinates":[9.59971238089176,59.6272400673567]},"properties":{"OBJECTID":45,"Type":"Champetre","Materiale":"Tre","HC_vennlig":null,"Tas_inn_for_vinteren":null,"Merknader":null,"NummerplateId":null}},{"type":"Feature","id":46,"geometry":{"type":"Point","coordinates":[9.5996311002261,59.6272623162236]},"properties":{"OBJECTID":46,"Type":"Champetre forlenget","Materiale":"Tre","HC_vennlig":null,"Tas_inn_for_vinteren":null,"Merknader":null,"NummerplateId":null}},{"type":"Feature","id":47,"geometry":{"type":"Point","coordinates":[9.59958428404707,59.6272722170664]},"properties":{"OBJECTID":47,"Type":"Champetre forlenget","Materiale":"Tre","HC_vennlig":null,"Tas_inn_for_vinteren":null,"Merknader":null,"NummerplateId":null}},{"type":"Feature","id":48,"geometry":{"type":"Point","coordinates":[9.59950921643195,59.6273113162803]},"properties":{"OBJECTID":48,"Type":"Champetre forlenget","Materiale":"Tre","HC_vennlig":null,"Tas_inn_for_vinteren":null,"Merknader":null,"NummerplateId":null}},{"type":"Feature","id":49,"geometry":{"type":"Point","coordinates":[9.59920003295306,59.6274013165917]},"properties":{"OBJECTID":49,"Type":"Champetre","Materiale":"Tre","HC_vennlig":null,"Tas_inn_for_vinteren":null,"Merknader":null,"NummerplateId":null}},{"type":"Feature","id":50,"geometry":{"type":"Point","coordinates":[9.59850906601086,59.6274996167033]},"properties":{"OBJECTID":50,"Type":"Champetre forlenget","Materiale":"Tre","HC_vennlig":null,"Tas_inn_for_vinteren":null,"Merknader":null,"NummerplateId":null}},{"type":"Feature","id":51,"geometry":{"type":"Point","coordinates":[9.5985339169014,59.6276148335766]},"properties":{"OBJECTID":51,"Type":null,"Materiale":"Tre","HC_vennlig":null,"Tas_inn_for_vinteren":null,"Merknader":null,"NummerplateId":null}},{"type":"Feature","id":52,"geometry":{"type":"Point","coordinates":[9.59885669961356,59.6275398834062]},"properties":{"OBJECTID":52,"Type":null,"Materiale":"Tre","HC_vennlig":null,"Tas_inn_for_vinteren":null,"Merknader":null,"NummerplateId":null}},{"type":"Feature","id":53,"geometry":{"type":"Point","coordinates":[9.59916221595462,59.6274377830398]},"properties":{"OBJECTID":53,"Type":null,"Materiale":"Tre","HC_vennlig":null,"Tas_inn_for_vinteren":null,"Merknader":null,"NummerplateId":null}},{"type":"Feature","id":55,"geometry":{"type":"Point","coordinates":[9.59849880055733,59.6281095169203]},"properties":{"OBJECTID":55,"Type":"Champetre forlenget","Materiale":"Tre","HC_vennlig":null,"Tas_inn_for_vinteren":null,"Merknader":null,"NummerplateId":null}},{"type":"Feature","id":56,"geometry":{"type":"Point","coordinates":[9.59861506698966,59.6280639334234]},"properties":{"OBJECTID":56,"Type":"Champetre forlenget","Materiale":"Tre","HC_vennlig":null,"Tas_inn_for_vinteren":null,"Merknader":null,"NummerplateId":null}},{"type":"Feature","id":57,"geometry":{"type":"Point","coordinates":[9.5985674498468,59.6280349837323]},"properties":{"OBJECTID":57,"Type":"Champetre forlenget","Materiale":"Tre","HC_vennlig":null,"Tas_inn_for_vinteren":null,"Merknader":null,"NummerplateId":null}},{"type":"Feature","id":58,"geometry":{"type":"Point","coordinates":[9.59849246729478,59.6280582995898]},"properties":{"OBJECTID":58,"Type":"Champetre forlenget","Materiale":"Tre","HC_vennlig":null,"Tas_inn_for_vinteren":null,"Merknader":null,"NummerplateId":null}},{"type":"Feature","id":59,"geometry":{"type":"Point","coordinates":[9.59961191639719,59.6280740499852]},"properties":{"OBJECTID":59,"Type":"Champetre forlenget","Materiale":"Tre","HC_vennlig":null,"Tas_inn_for_vinteren":null,"Merknader":null,"NummerplateId":null}},{"type":"Feature","id":60,"geometry":{"type":"Point","coordinates":[9.59974711752007,59.6280422170877]},"properties":{"OBJECTID":60,"Type":"Champetre","Materiale":"Tre","HC_vennlig":null,"Tas_inn_for_vinteren":null,"Merknader":null,"NummerplateId":null}},{"type":"Feature","id":61,"geometry":{"type":"Point","coordinates":[9.59991419956698,59.6278718498772]},"properties":{"OBJECTID":61,"Type":null,"Materiale":"Tre","HC_vennlig":null,"Tas_inn_for_vinteren":null,"Merknader":null,"NummerplateId":null}},{"type":"Feature","id":62,"geometry":{"type":"Point","coordinates":[9.60011430208826,59.6277451115778]},"properties":{"OBJECTID":62,"Type":"Champetre","Materiale":"Tre","HC_vennlig":null,"Tas_inn_for_vinteren":null,"Merknader":null,"NummerplateId":null}},{"type":"Feature","id":63,"geometry":{"type":"Point","coordinates":[10.009996781591,59.4843357273081]},"properties":{"OBJECTID":63,"Type":null,"Materiale":null,"HC_vennlig":null,"Tas_inn_for_vinteren":null,"Merknader":null,"NummerplateId":null}},{"type":"Feature","id":64,"geometry":{"type":"Point","coordinates":[10.0098473202823,59.4843275886872]},"properties":{"OBJECTID":64,"Type":null,"Materiale":null,"HC_vennlig":null,"Tas_inn_for_vinteren":null,"Merknader":null,"NummerplateId":null}},{"type":"Feature","id":69,"geometry":{"type":"Point","coordinates":[9.64205478352455,59.6318126665312]},"properties":{"OBJECTID":69,"Type":null,"Materiale":"Plast","HC_vennlig":null,"Tas_inn_for_vinteren":null,"Merknader":null,"NummerplateId":null}},{"type":"Feature","id":70,"geometry":{"type":"Point","coordinates":[9.64421023582608,59.638819940899]},"properties":{"OBJECTID":70,"Type":"ASVO benker med rygg","Materiale":"Tre","HC_vennlig":null,"Tas_inn_for_vinteren":null,"Merknader":null,"NummerplateId":null}},{"type":"Feature","id":71,"geometry":{"type":"Point","coordinates":[9.64426073166024,59.6387959666838]},"properties":{"OBJECTID":71,"Type":"ASVO benker med rygg","Materiale":"Tre","HC_vennlig":null,"Tas_inn_for_vinteren":null,"Merknader":null,"NummerplateId":null}},{"type":"Feature","id":72,"geometry":{"type":"Point","coordinates":[9.64471653301548,59.6382636835777]},"properties":{"OBJECTID":72,"Type":"Hvitt betongunderstell","Materiale":"Tre","HC_vennlig":null,"Tas_inn_for_vinteren":null,"Merknader":null,"NummerplateId":null}},{"type":"Feature","id":74,"geometry":{"type":"Point","coordinates":[9.64563940196641,59.6382778945089]},"properties":{"OBJECTID":74,"Type":"ASVO benker med rygg","Materiale":"Tre","HC_vennlig":null,"Tas_inn_for_vinteren":null,"Merknader":null,"NummerplateId":null}},{"type":"Feature","id":75,"geometry":{"type":"Point","coordinates":[9.64521735075661,59.6379808663904]},"properties":{"OBJECTID":75,"Type":"Hvitt betongunderstell","Materiale":"Tre","HC_vennlig":null,"Tas_inn_for_vinteren":null,"Merknader":null,"NummerplateId":null}},{"type":"Feature","id":76,"geometry":{"type":"Point","coordinates":[9.6400182796166,59.6394279721495]},"properties":{"OBJECTID":76,"Type":null,"Materiale":"Tre","HC_vennlig":null,"Tas_inn_for_vinteren":null,"Merknader":null,"NummerplateId":null}},{"type":"Feature","id":77,"geometry":{"type":"Point","coordinates":[9.63752031736434,59.6452779335056]},"properties":{"OBJECTID":77,"Type":"ASVO benker med rygg","Materiale":"Tre","HC_vennlig":null,"Tas_inn_for_vinteren":null,"Merknader":null,"NummerplateId":null}},{"type":"Feature","id":78,"geometry":{"type":"Point","coordinates":[9.63763242435128,59.6454493272202]},"properties":{"OBJECTID":78,"Type":null,"Materiale":"Tre","HC_vennlig":null,"Tas_inn_for_vinteren":null,"Merknader":null,"NummerplateId":null}},{"type":"Feature","id":79,"geometry":{"type":"Point","coordinates":[9.63724366599804,59.6452446330056]},"properties":{"OBJECTID":79,"Type":null,"Materiale":"Tre","HC_vennlig":null,"Tas_inn_for_vinteren":null,"Merknader":null,"NummerplateId":null}},{"type":"Feature","id":80,"geometry":{"type":"Point","coordinates":[9.63611863345412,59.6455923668135]},"properties":{"OBJECTID":80,"Type":"ASVO benker med rygg","Materiale":"Tre","HC_vennlig":null,"Tas_inn_for_vinteren":null,"Merknader":null,"NummerplateId":null}},{"type":"Feature","id":81,"geometry":{"type":"Point","coordinates":[9.63609114356371,59.6456002912011]},"properties":{"OBJECTID":81,"Type":"ASVO benker uten rygg","Materiale":"Tre","HC_vennlig":null,"Tas_inn_for_vinteren":null,"Merknader":null,"NummerplateId":null}},{"type":"Feature","id":82,"geometry":{"type":"Point","coordinates":[9.63637311522637,59.6450989975738]},"properties":{"OBJECTID":82,"Type":"ASVO benker uten rygg","Materiale":"Tre","HC_vennlig":null,"Tas_inn_for_vinteren":null,"Merknader":null,"NummerplateId":null}},{"type":"Feature","id":83,"geometry":{"type":"Point","coordinates":[9.63471482136123,59.6523590683525]},"properties":{"OBJECTID":83,"Type":"ASVO benker med rygg","Materiale":"Tre","HC_vennlig":null,"Tas_inn_for_vinteren":null,"Merknader":"Skadet, bjørk falt over","NummerplateId":null}},{"type":"Feature","id":84,"geometry":{"type":"Point","coordinates":[9.63472466576813,59.6523825806721]},"properties":{"OBJECTID":84,"Type":null,"Materiale":"Tre","HC_vennlig":null,"Tas_inn_for_vinteren":null,"Merknader":null,"NummerplateId":null}},{"type":"Feature","id":85,"geometry":{"type":"Point","coordinates":[9.60070268411885,59.7063081997085]},"properties":{"OBJECTID":85,"Type":"ASVO benker med rygg","Materiale":"Tre","HC_vennlig":null,"Tas_inn_for_vinteren":null,"Merknader":null,"NummerplateId":null}},{"type":"Feature","id":86,"geometry":{"type":"Point","coordinates":[9.60086475506726,59.7064523867565]},"properties":{"OBJECTID":86,"Type":"ASVO benker med rygg","Materiale":"Tre","HC_vennlig":null,"Tas_inn_for_vinteren":null,"Merknader":null,"NummerplateId":null}},{"type":"Feature","id":87,"geometry":{"type":"Point","coordinates":[9.60085021707811,59.7065188830432]},"properties":{"OBJECTID":87,"Type":"ASVO benker med rygg","Materiale":"Tre","HC_vennlig":null,"Tas_inn_for_vinteren":null,"Merknader":null,"NummerplateId":null}},{"type":"Feature","id":88,"geometry":{"type":"Point","coordinates":[9.60076578269144,59.7066309829928]},"properties":{"OBJECTID":88,"Type":null,"Materiale":"Plast","HC_vennlig":null,"Tas_inn_for_vinteren":null,"Merknader":null,"NummerplateId":null}},{"type":"Feature","id":89,"geometry":{"type":"Point","coordinates":[9.60036913995896,59.7067581277597]},"properties":{"OBJECTID":89,"Type":null,"Materiale":"Stein","HC_vennlig":null,"Tas_inn_for_vinteren":null,"Merknader":null,"NummerplateId":null}},{"type":"Feature","id":90,"geometry":{"type":"Point","coordinates":[9.59921048593418,59.7061673974077]},"properties":{"OBJECTID":90,"Type":"ASVO benker med rygg","Materiale":"Tre","HC_vennlig":null,"Tas_inn_for_vinteren":null,"Merknader":null,"NummerplateId":null}},{"type":"Feature","id":91,"geometry":{"type":"Point","coordinates":[9.59846496070035,59.7063984485871]},"properties":{"OBJECTID":91,"Type":"ASVO benker med rygg","Materiale":"Tre","HC_vennlig":null,"Tas_inn_for_vinteren":null,"Merknader":null,"NummerplateId":null}},{"type":"Feature","id":92,"geometry":{"type":"Point","coordinates":[9.59879655452693,59.7062840837883]},"properties":{"OBJECTID":92,"Type":"Aubade","Materiale":"Tre","HC_vennlig":null,"Tas_inn_for_vinteren":null,"Merknader":null,"NummerplateId":null}},{"type":"Feature","id":93,"geometry":{"type":"Point","coordinates":[9.59964471731171,59.7061434665642]},"properties":{"OBJECTID":93,"Type":null,"Materiale":"Plast","HC_vennlig":null,"Tas_inn_for_vinteren":null,"Merknader":null,"NummerplateId":null}},{"type":"Feature","id":94,"geometry":{"type":"Point","coordinates":[9.68507004471732,59.6845310940019]},"properties":{"OBJECTID":94,"Type":"Aubade","Materiale":"Tre","HC_vennlig":null,"Tas_inn_for_vinteren":null,"Merknader":null,"NummerplateId":null}},{"type":"Feature","id":95,"geometry":{"type":"Point","coordinates":[9.6846291556129,59.6850205446131]},"properties":{"OBJECTID":95,"Type":"Aubade","Materiale":"Tre","HC_vennlig":null,"Tas_inn_for_vinteren":null,"Merknader":null,"NummerplateId":null}},{"type":"Feature","id":96,"geometry":{"type":"Point","coordinates":[9.68468226683374,59.6849759171142]},"properties":{"OBJECTID":96,"Type":"Aubade","Materiale":"Tre","HC_vennlig":null,"Tas_inn_for_vinteren":null,"Merknader":null,"NummerplateId":null}},{"type":"Feature","id":97,"geometry":{"type":"Point","coordinates":[9.68479156680545,59.684946283136]},"properties":{"OBJECTID":97,"Type":"Aubade","Materiale":"Tre","HC_vennlig":null,"Tas_inn_for_vinteren":null,"Merknader":null,"NummerplateId":null}},{"type":"Feature","id":98,"geometry":{"type":"Point","coordinates":[9.67610835927728,59.6789011851158]},"properties":{"OBJECTID":98,"Type":"ASVO benker med rygg","Materiale":"Tre","HC_vennlig":null,"Tas_inn_for_vinteren":null,"Merknader":null,"NummerplateId":null}},{"type":"Feature","id":99,"geometry":{"type":"Point","coordinates":[9.67593589081504,59.6789113893365]},"properties":{"OBJECTID":99,"Type":"ASVO benker med rygg","Materiale":"Tre","HC_vennlig":null,"Tas_inn_for_vinteren":null,"Merknader":null,"NummerplateId":null}},{"type":"Feature","id":100,"geometry":{"type":"Point","coordinates":[9.67532864795175,59.6763920635213]},"properties":{"OBJECTID":100,"Type":"ASVO benker med rygg","Materiale":"Tre","HC_vennlig":null,"Tas_inn_for_vinteren":null,"Merknader":null,"NummerplateId":null}},{"type":"Feature","id":102,"geometry":{"type":"Point","coordinates":[9.66407531651103,59.6653598165531]},"properties":{"OBJECTID":102,"Type":"ASVO benker uten rygg","Materiale":"Tre","HC_vennlig":null,"Tas_inn_for_vinteren":null,"Merknader":null,"NummerplateId":null}},{"type":"Feature","id":103,"geometry":{"type":"Point","coordinates":[9.66405283101943,59.6654369349013]},"properties":{"OBJECTID":103,"Type":null,"Materiale":"Tre","HC_vennlig":null,"Tas_inn_for_vinteren":null,"Merknader":null,"NummerplateId":null}},{"type":"Feature","id":104,"geometry":{"type":"Point","coordinates":[9.67827336060457,59.6724835368789]},"properties":{"OBJECTID":104,"Type":"ASVO benker med rygg","Materiale":"Tre","HC_vennlig":null,"Tas_inn_for_vinteren":null,"Merknader":null,"NummerplateId":null}},{"type":"Feature","id":105,"geometry":{"type":"Point","coordinates":[9.67814146680789,59.6722290162184]},"properties":{"OBJECTID":105,"Type":"ASVO benker med rygg","Materiale":"Tre","HC_vennlig":null,"Tas_inn_for_vinteren":null,"Merknader":null,"NummerplateId":null}},{"type":"Feature","id":106,"geometry":{"type":"Point","coordinates":[9.67597424204163,59.6699783722739]},"properties":{"OBJECTID":106,"Type":"ASVO benker med rygg","Materiale":"Tre","HC_vennlig":null,"Tas_inn_for_vinteren":null,"Merknader":null,"NummerplateId":null}},{"type":"Feature","id":107,"geometry":{"type":"Point","coordinates":[9.6765983330418,59.6697933337451]},"properties":{"OBJECTID":107,"Type":"ASVO benker med rygg","Materiale":"Tre","HC_vennlig":null,"Tas_inn_for_vinteren":null,"Merknader":null,"NummerplateId":null}},{"type":"Feature","id":108,"geometry":{"type":"Point","coordinates":[9.64661372949725,59.6778268532147]},"properties":{"OBJECTID":108,"Type":"ASVO benker med rygg","Materiale":"Tre","HC_vennlig":null,"Tas_inn_for_vinteren":null,"Merknader":null,"NummerplateId":null}},{"type":"Feature","id":109,"geometry":{"type":"Point","coordinates":[9.64656682117586,59.6778054183068]},"properties":{"OBJECTID":109,"Type":"ASVO benker med rygg","Materiale":"Tre","HC_vennlig":null,"Tas_inn_for_vinteren":null,"Merknader":null,"NummerplateId":null}},{"type":"Feature","id":110,"geometry":{"type":"Point","coordinates":[9.65196999928396,59.6817933334472]},"properties":{"OBJECTID":110,"Type":null,"Materiale":"Tre","HC_vennlig":null,"Tas_inn_for_vinteren":null,"Merknader":null,"NummerplateId":null}},{"type":"Feature","id":111,"geometry":{"type":"Point","coordinates":[9.65248333287242,59.681979999828]},"properties":{"OBJECTID":111,"Type":"ASVO benker med rygg","Materiale":"Tre","HC_vennlig":null,"Tas_inn_for_vinteren":null,"Merknader":null,"NummerplateId":null}},{"type":"Feature","id":112,"geometry":{"type":"Point","coordinates":[9.65195789702747,59.6854145201105]},"properties":{"OBJECTID":112,"Type":"ASVO benker med rygg","Materiale":"Tre","HC_vennlig":null,"Tas_inn_for_vinteren":null,"Merknader":null,"NummerplateId":null}},{"type":"Feature","id":113,"geometry":{"type":"Point","coordinates":[9.65199191786321,59.6854255159387]},"properties":{"OBJECTID":113,"Type":"ASVO benker med rygg","Materiale":"Tre","HC_vennlig":null,"Tas_inn_for_vinteren":null,"Merknader":null,"NummerplateId":null}},{"type":"Feature","id":114,"geometry":{"type":"Point","coordinates":[9.65223991427008,59.6855286150823]},"properties":{"OBJECTID":114,"Type":"ASVO benker med rygg","Materiale":"Tre","HC_vennlig":null,"Tas_inn_for_vinteren":null,"Merknader":null,"NummerplateId":null}},{"type":"Feature","id":115,"geometry":{"type":"Point","coordinates":[9.64989499961921,59.6891149998397]},"properties":{"OBJECTID":115,"Type":"ASVO benker uten rygg","Materiale":"Tre","HC_vennlig":null,"Tas_inn_for_vinteren":null,"Merknader":null,"NummerplateId":null}},{"type":"Feature","id":116,"geometry":{"type":"Point","coordinates":[9.63944080773858,59.6722082161296]},"properties":{"OBJECTID":116,"Type":null,"Materiale":"Betong","HC_vennlig":null,"Tas_inn_for_vinteren":null,"Merknader":null,"NummerplateId":null}},{"type":"Feature","id":117,"geometry":{"type":"Point","coordinates":[9.63899426138959,59.6727328926532]},"properties":{"OBJECTID":117,"Type":null,"Materiale":null,"HC_vennlig":null,"Tas_inn_for_vinteren":null,"Merknader":null,"NummerplateId":null}},{"type":"Feature","id":118,"geometry":{"type":"Point","coordinates":[9.63819163309409,59.6759055029658]},"properties":{"OBJECTID":118,"Type":null,"Materiale":null,"HC_vennlig":null,"Tas_inn_for_vinteren":null,"Merknader":null,"NummerplateId":null}},{"type":"Feature","id":119,"geometry":{"type":"Point","coordinates":[9.63820173585628,59.6759329550274]},"properties":{"OBJECTID":119,"Type":null,"Materiale":null,"HC_vennlig":null,"Tas_inn_for_vinteren":null,"Merknader":null,"NummerplateId":null}},{"type":"Feature","id":120,"geometry":{"type":"Point","coordinates":[9.63812666686823,59.6755749999736]},"properties":{"OBJECTID":120,"Type":"ASVO benker med rygg","Materiale":"Tre","HC_vennlig":null,"Tas_inn_for_vinteren":null,"Merknader":null,"NummerplateId":null}},{"type":"Feature","id":121,"geometry":{"type":"Point","coordinates":[9.63811715202796,59.6755411055022]},"properties":{"OBJECTID":121,"Type":"ASVO benker med rygg","Materiale":"Tre","HC_vennlig":null,"Tas_inn_for_vinteren":null,"Merknader":null,"NummerplateId":null}},{"type":"Feature","id":122,"geometry":{"type":"Point","coordinates":[9.63785069715515,59.6756136506851]},"properties":{"OBJECTID":122,"Type":null,"Materiale":"Plast","HC_vennlig":null,"Tas_inn_for_vinteren":null,"Merknader":null,"NummerplateId":null}},{"type":"Feature","id":123,"geometry":{"type":"Point","coordinates":[9.63791594340617,59.6756721802642]},"properties":{"OBJECTID":123,"Type":"Aubade","Materiale":"Tre","HC_vennlig":null,"Tas_inn_for_vinteren":null,"Merknader":null,"NummerplateId":null}},{"type":"Feature","id":124,"geometry":{"type":"Point","coordinates":[9.63786193929613,59.6756883777311]},"properties":{"OBJECTID":124,"Type":"ASVO benker med rygg","Materiale":"Tre","HC_vennlig":null,"Tas_inn_for_vinteren":null,"Merknader":null,"NummerplateId":null}},{"type":"Feature","id":125,"geometry":{"type":"Point","coordinates":[9.63839867070237,59.6884987938202]},"properties":{"OBJECTID":125,"Type":null,"Materiale":"Tre","HC_vennlig":null,"Tas_inn_for_vinteren":null,"Merknader":null,"NummerplateId":null}},{"type":"Feature","id":126,"geometry":{"type":"Point","coordinates":[9.6383859051096,59.6885391265482]},"properties":{"OBJECTID":126,"Type":null,"Materiale":"Tre","HC_vennlig":null,"Tas_inn_for_vinteren":null,"Merknader":null,"NummerplateId":null}},{"type":"Feature","id":127,"geometry":{"type":"Point","coordinates":[9.63921314174748,59.6882251521182]},"properties":{"OBJECTID":127,"Type":null,"Materiale":"Tre","HC_vennlig":null,"Tas_inn_for_vinteren":null,"Merknader":null,"NummerplateId":null}},{"type":"Feature","id":129,"geometry":{"type":"Point","coordinates":[9.64242628266049,59.6867007024932]},"properties":{"OBJECTID":129,"Type":null,"Materiale":null,"HC_vennlig":null,"Tas_inn_for_vinteren":null,"Merknader":null,"NummerplateId":null}},{"type":"Feature","id":130,"geometry":{"type":"Point","coordinates":[9.64050999919267,59.6847650002643]},"properties":{"OBJECTID":130,"Type":null,"Materiale":null,"HC_vennlig":null,"Tas_inn_for_vinteren":null,"Merknader":null,"NummerplateId":null}},{"type":"Feature","id":131,"geometry":{"type":"Point","coordinates":[9.63983517115947,59.6829696733012]},"properties":{"OBJECTID":131,"Type":null,"Materiale":null,"HC_vennlig":null,"Tas_inn_for_vinteren":null,"Merknader":null,"NummerplateId":null}},{"type":"Feature","id":132,"geometry":{"type":"Point","coordinates":[9.63935486987369,59.6827748746293]},"properties":{"OBJECTID":132,"Type":"Hvitt betongunderstell","Materiale":null,"HC_vennlig":null,"Tas_inn_for_vinteren":null,"Merknader":null,"NummerplateId":null}},{"type":"Feature","id":133,"geometry":{"type":"Point","coordinates":[9.63929932147823,59.6820796041116]},"properties":{"OBJECTID":133,"Type":"Hvitt betongunderstell","Materiale":null,"HC_vennlig":null,"Tas_inn_for_vinteren":null,"Merknader":null,"NummerplateId":null}},{"type":"Feature","id":134,"geometry":{"type":"Point","coordinates":[9.63934892258111,59.682005168175]},"properties":{"OBJECTID":134,"Type":"Hvitt betongunderstell","Materiale":null,"HC_vennlig":null,"Tas_inn_for_vinteren":null,"Merknader":null,"NummerplateId":null}},{"type":"Feature","id":135,"geometry":{"type":"Point","coordinates":[9.63889179919085,59.6808257381965]},"properties":{"OBJECTID":135,"Type":null,"Materiale":null,"HC_vennlig":null,"Tas_inn_for_vinteren":null,"Merknader":null,"NummerplateId":null}},{"type":"Feature","id":136,"geometry":{"type":"Point","coordinates":[9.63881145422231,59.6802737593475]},"properties":{"OBJECTID":136,"Type":null,"Materiale":null,"HC_vennlig":null,"Tas_inn_for_vinteren":null,"Merknader":null,"NummerplateId":null}},{"type":"Feature","id":137,"geometry":{"type":"Point","coordinates":[9.63859166670533,59.6792349998089]},"properties":{"OBJECTID":137,"Type":null,"Materiale":null,"HC_vennlig":null,"Tas_inn_for_vinteren":null,"Merknader":null,"NummerplateId":null}},{"type":"Feature","id":138,"geometry":{"type":"Point","coordinates":[9.63846638041338,59.6783655133421]},"properties":{"OBJECTID":138,"Type":null,"Materiale":null,"HC_vennlig":null,"Tas_inn_for_vinteren":null,"Merknader":null,"NummerplateId":null}},{"type":"Feature","id":139,"geometry":{"type":"Point","coordinates":[9.63850000034521,59.6776666670917]},"properties":{"OBJECTID":139,"Type":null,"Materiale":"Tre","HC_vennlig":null,"Tas_inn_for_vinteren":null,"Merknader":null,"NummerplateId":null}},{"type":"Feature","id":140,"geometry":{"type":"Point","coordinates":[9.63829722773913,59.67669199848]},"properties":{"OBJECTID":140,"Type":null,"Materiale":null,"HC_vennlig":null,"Tas_inn_for_vinteren":null,"Merknader":null,"NummerplateId":null}},{"type":"Feature","id":141,"geometry":{"type":"Point","coordinates":[9.6382881850329,59.6766619496501]},"properties":{"OBJECTID":141,"Type":null,"Materiale":null,"HC_vennlig":null,"Tas_inn_for_vinteren":null,"Merknader":null,"NummerplateId":null}},{"type":"Feature","id":142,"geometry":{"type":"Point","coordinates":[9.62385273967297,59.6798348846199]},"properties":{"OBJECTID":142,"Type":null,"Materiale":"Tre","HC_vennlig":null,"Tas_inn_for_vinteren":null,"Merknader":null,"NummerplateId":null}},{"type":"Feature","id":143,"geometry":{"type":"Point","coordinates":[9.62391768010876,59.6798230986361]},"properties":{"OBJECTID":143,"Type":null,"Materiale":"Tre","HC_vennlig":null,"Tas_inn_for_vinteren":null,"Merknader":null,"NummerplateId":null}},{"type":"Feature","id":144,"geometry":{"type":"Point","coordinates":[9.62396139758859,59.6798470855227]},"properties":{"OBJECTID":144,"Type":"Tømmerbenk","Materiale":"Tre","HC_vennlig":null,"Tas_inn_for_vinteren":null,"Merknader":null,"NummerplateId":null}},{"type":"Feature","id":145,"geometry":{"type":"Point","coordinates":[9.62390108171832,59.6798695994586]},"properties":{"OBJECTID":145,"Type":"Tømmerbenk","Materiale":"Tre","HC_vennlig":null,"Tas_inn_for_vinteren":null,"Merknader":null,"NummerplateId":null}},{"type":"Feature","id":146,"geometry":{"type":"Point","coordinates":[9.62391304828726,59.6798064412709]},"properties":{"OBJECTID":146,"Type":"Tømmerbenk","Materiale":"Tre","HC_vennlig":null,"Tas_inn_for_vinteren":null,"Merknader":null,"NummerplateId":null}},{"type":"Feature","id":147,"geometry":{"type":"Point","coordinates":[9.62069177774328,59.6769523113507]},"properties":{"OBJECTID":147,"Type":"Tømmerbenk","Materiale":"Tre","HC_vennlig":null,"Tas_inn_for_vinteren":null,"Merknader":null,"NummerplateId":null}},{"type":"Feature","id":148,"geometry":{"type":"Point","coordinates":[9.61812833419087,59.675719999838]},"properties":{"OBJECTID":148,"Type":"Aubade","Materiale":"Tre","HC_vennlig":null,"Tas_inn_for_vinteren":null,"Merknader":null,"NummerplateId":"41"}},{"type":"Feature","id":149,"geometry":{"type":"Point","coordinates":[9.61610666700412,59.6764883337238]},"properties":{"OBJECTID":149,"Type":"Aubade","Materiale":"Tre","HC_vennlig":null,"Tas_inn_for_vinteren":null,"Merknader":null,"NummerplateId":"42"}},{"type":"Feature","id":150,"geometry":{"type":"Point","coordinates":[9.6161000001693,59.6764316664439]},"properties":{"OBJECTID":150,"Type":"Tømmerbenk","Materiale":"Tre","HC_vennlig":null,"Tas_inn_for_vinteren":null,"Merknader":null,"NummerplateId":null}},{"type":"Feature","id":151,"geometry":{"type":"Point","coordinates":[9.61621833266879,59.6763933330824]},"properties":{"OBJECTID":151,"Type":"Tømmerbenk","Materiale":"Tre","HC_vennlig":null,"Tas_inn_for_vinteren":null,"Merknader":null,"NummerplateId":null}},{"type":"Feature","id":152,"geometry":{"type":"Point","coordinates":[9.61498000046534,59.6767100000591]},"properties":{"OBJECTID":152,"Type":"Aubade","Materiale":"Tre","HC_vennlig":null,"Tas_inn_for_vinteren":null,"Merknader":null,"NummerplateId":"43"}},{"type":"Feature","id":153,"geometry":{"type":"Point","coordinates":[9.61817666726888,59.6749183336956]},"properties":{"OBJECTID":153,"Type":"Aubade","Materiale":"Tre","HC_vennlig":null,"Tas_inn_for_vinteren":null,"Merknader":null,"NummerplateId":"40"}},{"type":"Feature","id":154,"geometry":{"type":"Point","coordinates":[9.61687666595971,59.6744516664852]},"properties":{"OBJECTID":154,"Type":"Aubade","Materiale":"Tre","HC_vennlig":null,"Tas_inn_for_vinteren":null,"Merknader":null,"NummerplateId":"38"}},{"type":"Feature","id":155,"geometry":{"type":"Point","coordinates":[9.63031360466496,59.6807671378109]},"properties":{"OBJECTID":155,"Type":null,"Materiale":"Betong","HC_vennlig":null,"Tas_inn_for_vinteren":null,"Merknader":null,"NummerplateId":null}},{"type":"Feature","id":156,"geometry":{"type":"Point","coordinates":[9.6396829193541,59.6717208542638]},"properties":{"OBJECTID":156,"Type":"Hvitt betongunderstell","Materiale":null,"HC_vennlig":null,"Tas_inn_for_vinteren":null,"Merknader":null,"NummerplateId":null}},{"type":"Feature","id":157,"geometry":{"type":"Point","coordinates":[9.64097435533681,59.670039903072]},"properties":{"OBJECTID":157,"Type":null,"Materiale":null,"HC_vennlig":null,"Tas_inn_for_vinteren":null,"Merknader":null,"NummerplateId":null}},{"type":"Feature","id":159,"geometry":{"type":"Point","coordinates":[9.64173978504133,59.6695711070702]},"properties":{"OBJECTID":159,"Type":null,"Materiale":null,"HC_vennlig":null,"Tas_inn_for_vinteren":null,"Merknader":null,"NummerplateId":null}},{"type":"Feature","id":161,"geometry":{"type":"Point","coordinates":[9.64323106358877,59.6686722465133]},"properties":{"OBJECTID":161,"Type":null,"Materiale":null,"HC_vennlig":null,"Tas_inn_for_vinteren":null,"Merknader":null,"NummerplateId":null}},{"type":"Feature","id":162,"geometry":{"type":"Point","coordinates":[9.64384223739413,59.6683520819809]},"properties":{"OBJECTID":162,"Type":null,"Materiale":null,"HC_vennlig":null,"Tas_inn_for_vinteren":null,"Merknader":null,"NummerplateId":null}},{"type":"Feature","id":163,"geometry":{"type":"Point","coordinates":[9.64523911079658,59.6678982313267]},"properties":{"OBJECTID":163,"Type":null,"Materiale":null,"HC_vennlig":null,"Tas_inn_for_vinteren":null,"Merknader":null,"NummerplateId":null}},{"type":"Feature","id":164,"geometry":{"type":"Point","coordinates":[9.64417738379704,59.667647416529]},"properties":{"OBJECTID":164,"Type":null,"Materiale":null,"HC_vennlig":null,"Tas_inn_for_vinteren":null,"Merknader":null,"NummerplateId":null}},{"type":"Feature","id":165,"geometry":{"type":"Point","coordinates":[9.64320171440054,59.6674487258982]},"properties":{"OBJECTID":165,"Type":"ASVO benker uten rygg","Materiale":"Tre","HC_vennlig":null,"Tas_inn_for_vinteren":null,"Merknader":null,"NummerplateId":null}},{"type":"Feature","id":166,"geometry":{"type":"Point","coordinates":[9.64317573155256,59.6673811270251]},"properties":{"OBJECTID":166,"Type":"ASVO benker uten rygg","Materiale":"Tre","HC_vennlig":null,"Tas_inn_for_vinteren":null,"Merknader":null,"NummerplateId":null}},{"type":"Feature","id":167,"geometry":{"type":"Point","coordinates":[9.6437184833629,59.6657960165512]},"properties":{"OBJECTID":167,"Type":"Champetre","Materiale":"Tre","HC_vennlig":null,"Tas_inn_for_vinteren":null,"Merknader":null,"NummerplateId":null}},{"type":"Feature","id":168,"geometry":{"type":"Point","coordinates":[9.64372048745072,59.6658124122795]},"properties":{"OBJECTID":168,"Type":"Champetre","Materiale":"Tre","HC_vennlig":null,"Tas_inn_for_vinteren":null,"Merknader":null,"NummerplateId":null}},{"type":"Feature","id":169,"geometry":{"type":"Point","coordinates":[9.64372740354023,59.6658292059694]},"properties":{"OBJECTID":169,"Type":"Champetre","Materiale":"Tre","HC_vennlig":null,"Tas_inn_for_vinteren":null,"Merknader":null,"NummerplateId":null}},{"type":"Feature","id":170,"geometry":{"type":"Point","coordinates":[9.64414894421396,59.6653549715114]},"properties":{"OBJECTID":170,"Type":"Champetre","Materiale":"Tre","HC_vennlig":null,"Tas_inn_for_vinteren":null,"Merknader":null,"NummerplateId":null}},{"type":"Feature","id":173,"geometry":{"type":"Point","coordinates":[9.64721585902946,59.663890795864]},"properties":{"OBJECTID":173,"Type":"Smijernsbenker","Materiale":null,"HC_vennlig":null,"Tas_inn_for_vinteren":null,"Merknader":null,"NummerplateId":null}},{"type":"Feature","id":174,"geometry":{"type":"Point","coordinates":[9.64723277460081,59.6639639578296]},"properties":{"OBJECTID":174,"Type":"Smijernsbenker","Materiale":null,"HC_vennlig":null,"Tas_inn_for_vinteren":null,"Merknader":null,"NummerplateId":null}},{"type":"Feature","id":175,"geometry":{"type":"Point","coordinates":[9.64723679112255,59.664028054351]},"properties":{"OBJECTID":175,"Type":"Smijernsbenker","Materiale":null,"HC_vennlig":null,"Tas_inn_for_vinteren":null,"Merknader":null,"NummerplateId":null}},{"type":"Feature","id":176,"geometry":{"type":"Point","coordinates":[9.64739997425173,59.6640295445646]},"properties":{"OBJECTID":176,"Type":null,"Materiale":"Tre","HC_vennlig":null,"Tas_inn_for_vinteren":null,"Merknader":null,"NummerplateId":null}},{"type":"Feature","id":177,"geometry":{"type":"Point","coordinates":[9.64739247988274,59.6639695672736]},"properties":{"OBJECTID":177,"Type":null,"Materiale":"Tre","HC_vennlig":null,"Tas_inn_for_vinteren":null,"Merknader":null,"NummerplateId":null}},{"type":"Feature","id":178,"geometry":{"type":"Point","coordinates":[9.64738525695614,59.6639107793912]},"properties":{"OBJECTID":178,"Type":null,"Materiale":"Tre","HC_vennlig":null,"Tas_inn_for_vinteren":null,"Merknader":null,"NummerplateId":null}},{"type":"Feature","id":179,"geometry":{"type":"Point","coordinates":[9.64675554460984,59.6652932026724]},"properties":{"OBJECTID":179,"Type":null,"Materiale":"Tre","HC_vennlig":null,"Tas_inn_for_vinteren":null,"Merknader":null,"NummerplateId":null}},{"type":"Feature","id":180,"geometry":{"type":"Point","coordinates":[9.64680880998221,59.6652458175452]},"properties":{"OBJECTID":180,"Type":null,"Materiale":"Tre","HC_vennlig":null,"Tas_inn_for_vinteren":null,"Merknader":null,"NummerplateId":null}},{"type":"Feature","id":181,"geometry":{"type":"Point","coordinates":[9.64647268675817,59.6652556252052]},"properties":{"OBJECTID":181,"Type":null,"Materiale":"Tre","HC_vennlig":null,"Tas_inn_for_vinteren":null,"Merknader":null,"NummerplateId":null}},{"type":"Feature","id":182,"geometry":{"type":"Point","coordinates":[9.64631887384312,59.6652644056859]},"properties":{"OBJECTID":182,"Type":null,"Materiale":"Tre","HC_vennlig":null,"Tas_inn_for_vinteren":null,"Merknader":null,"NummerplateId":null}},{"type":"Feature","id":183,"geometry":{"type":"Point","coordinates":[9.64641756621984,59.6652990546629]},"properties":{"OBJECTID":183,"Type":null,"Materiale":"Tre","HC_vennlig":null,"Tas_inn_for_vinteren":null,"Merknader":null,"NummerplateId":null}},{"type":"Feature","id":184,"geometry":{"type":"Point","coordinates":[9.64486178135488,59.6653304954667]},"properties":{"OBJECTID":184,"Type":"Smijernsbenker","Materiale":null,"HC_vennlig":null,"Tas_inn_for_vinteren":null,"Merknader":null,"NummerplateId":null}},{"type":"Feature","id":185,"geometry":{"type":"Point","coordinates":[9.6448881520255,59.6655171040738]},"properties":{"OBJECTID":185,"Type":"Smijernsbenker","Materiale":null,"HC_vennlig":null,"Tas_inn_for_vinteren":null,"Merknader":null,"NummerplateId":null}},{"type":"Feature","id":197,"geometry":{"type":"Point","coordinates":[9.64672535981845,59.6663119305928]},"properties":{"OBJECTID":197,"Type":"Oslobenker","Materiale":null,"HC_vennlig":null,"Tas_inn_for_vinteren":null,"Merknader":null,"NummerplateId":null}},{"type":"Feature","id":198,"geometry":{"type":"Point","coordinates":[9.64681973053598,59.6663148167581]},"properties":{"OBJECTID":198,"Type":"Oslobenker","Materiale":null,"HC_vennlig":null,"Tas_inn_for_vinteren":null,"Merknader":null,"NummerplateId":null}},{"type":"Feature","id":199,"geometry":{"type":"Point","coordinates":[9.64689664803453,59.6662872416336]},"properties":{"OBJECTID":199,"Type":"Oslobenker","Materiale":null,"HC_vennlig":null,"Tas_inn_for_vinteren":null,"Merknader":null,"NummerplateId":null}},{"type":"Feature","id":202,"geometry":{"type":"Point","coordinates":[9.64778874568168,59.6654647020446]},"properties":{"OBJECTID":202,"Type":"Oslobenker","Materiale":null,"HC_vennlig":null,"Tas_inn_for_vinteren":null,"Merknader":null,"NummerplateId":null}},{"type":"Feature","id":203,"geometry":{"type":"Point","coordinates":[9.64771576685555,59.6654450189553]},"properties":{"OBJECTID":203,"Type":"Oslobenker","Materiale":null,"HC_vennlig":null,"Tas_inn_for_vinteren":null,"Merknader":null,"NummerplateId":null}},{"type":"Feature","id":204,"geometry":{"type":"Point","coordinates":[9.64577068477599,59.6665207201113]},"properties":{"OBJECTID":204,"Type":"Oslobenker","Materiale":null,"HC_vennlig":null,"Tas_inn_for_vinteren":null,"Merknader":null,"NummerplateId":null}},{"type":"Feature","id":205,"geometry":{"type":"Point","coordinates":[9.64573423005095,59.6665718385681]},"properties":{"OBJECTID":205,"Type":"Oslobenker","Materiale":null,"HC_vennlig":null,"Tas_inn_for_vinteren":null,"Merknader":null,"NummerplateId":null}},{"type":"Feature","id":206,"geometry":{"type":"Point","coordinates":[9.64562046067895,59.66652139111]},"properties":{"OBJECTID":206,"Type":"Oslobenker","Materiale":null,"HC_vennlig":null,"Tas_inn_for_vinteren":null,"Merknader":null,"NummerplateId":null}},{"type":"Feature","id":207,"geometry":{"type":"Point","coordinates":[9.64565558573496,59.6665710770309]},"properties":{"OBJECTID":207,"Type":"Oslobenker","Materiale":null,"HC_vennlig":null,"Tas_inn_for_vinteren":null,"Merknader":null,"NummerplateId":null}},{"type":"Feature","id":208,"geometry":{"type":"Point","coordinates":[9.64565666747449,59.6669866669786]},"properties":{"OBJECTID":208,"Type":null,"Materiale":"Stein","HC_vennlig":null,"Tas_inn_for_vinteren":null,"Merknader":null,"NummerplateId":null}},{"type":"Feature","id":209,"geometry":{"type":"Point","coordinates":[9.64547915589722,59.6671985065395]},"properties":{"OBJECTID":209,"Type":"Oslobenker","Materiale":null,"HC_vennlig":null,"Tas_inn_for_vinteren":null,"Merknader":null,"NummerplateId":null}},{"type":"Feature","id":210,"geometry":{"type":"Point","coordinates":[9.64556225689251,59.6671861426468]},"properties":{"OBJECTID":210,"Type":"Oslobenker","Materiale":null,"HC_vennlig":null,"Tas_inn_for_vinteren":null,"Merknader":null,"NummerplateId":null}},{"type":"Feature","id":211,"geometry":{"type":"Point","coordinates":[9.64565927249655,59.6671596403711]},"properties":{"OBJECTID":211,"Type":"Oslobenker","Materiale":null,"HC_vennlig":null,"Tas_inn_for_vinteren":null,"Merknader":null,"NummerplateId":null}},{"type":"Feature","id":212,"geometry":{"type":"Point","coordinates":[9.645729613053,59.6671444574787]},"properties":{"OBJECTID":212,"Type":"Oslobenker","Materiale":null,"HC_vennlig":null,"Tas_inn_for_vinteren":null,"Merknader":null,"NummerplateId":null}},{"type":"Feature","id":213,"geometry":{"type":"Point","coordinates":[9.64040517381994,59.6703347293249]},"properties":{"OBJECTID":213,"Type":null,"Materiale":null,"HC_vennlig":null,"Tas_inn_for_vinteren":null,"Merknader":null,"NummerplateId":null}},{"type":"Feature","id":214,"geometry":{"type":"Point","coordinates":[9.6409215688689,59.6700666087732]},"properties":{"OBJECTID":214,"Type":null,"Materiale":null,"HC_vennlig":null,"Tas_inn_for_vinteren":null,"Merknader":null,"NummerplateId":null}},{"type":"Feature","id":215,"geometry":{"type":"Point","coordinates":[9.64289013370111,59.670806716818]},"properties":{"OBJECTID":215,"Type":null,"Materiale":null,"HC_vennlig":null,"Tas_inn_for_vinteren":null,"Merknader":null,"NummerplateId":null}},{"type":"Feature","id":216,"geometry":{"type":"Point","coordinates":[9.64408113890709,59.670133351396]},"properties":{"OBJECTID":216,"Type":null,"Materiale":null,"HC_vennlig":null,"Tas_inn_for_vinteren":null,"Merknader":null,"NummerplateId":null}},{"type":"Feature","id":217,"geometry":{"type":"Point","coordinates":[9.64459958258465,59.6698330668024]},"properties":{"OBJECTID":217,"Type":null,"Materiale":null,"HC_vennlig":null,"Tas_inn_for_vinteren":null,"Merknader":null,"NummerplateId":null}},{"type":"Feature","id":218,"geometry":{"type":"Point","coordinates":[9.64530006711755,59.6693940501813]},"properties":{"OBJECTID":218,"Type":null,"Materiale":null,"HC_vennlig":null,"Tas_inn_for_vinteren":null,"Merknader":null,"NummerplateId":null}},{"type":"Feature","id":219,"geometry":{"type":"Point","coordinates":[9.64716569927373,59.6689750170724]},"properties":{"OBJECTID":219,"Type":null,"Materiale":null,"HC_vennlig":null,"Tas_inn_for_vinteren":null,"Merknader":null,"NummerplateId":null}},{"type":"Feature","id":220,"geometry":{"type":"Point","coordinates":[9.64737118252112,59.6691176663861]},"properties":{"OBJECTID":220,"Type":null,"Materiale":null,"HC_vennlig":null,"Tas_inn_for_vinteren":null,"Merknader":null,"NummerplateId":null}},{"type":"Feature","id":221,"geometry":{"type":"Point","coordinates":[9.64767250048346,59.6691650001512]},"properties":{"OBJECTID":221,"Type":null,"Materiale":null,"HC_vennlig":null,"Tas_inn_for_vinteren":null,"Merknader":null,"NummerplateId":null}},{"type":"Feature","id":222,"geometry":{"type":"Point","coordinates":[9.64775836701859,59.669211216619]},"properties":{"OBJECTID":222,"Type":null,"Materiale":null,"HC_vennlig":null,"Tas_inn_for_vinteren":null,"Merknader":null,"NummerplateId":null}},{"type":"Feature","id":223,"geometry":{"type":"Point","coordinates":[9.64783701714502,59.6691325497024]},"properties":{"OBJECTID":223,"Type":null,"Materiale":null,"HC_vennlig":null,"Tas_inn_for_vinteren":null,"Merknader":null,"NummerplateId":null}},{"type":"Feature","id":225,"geometry":{"type":"Point","coordinates":[9.64811715188257,59.6691008472021]},"properties":{"OBJECTID":225,"Type":null,"Materiale":null,"HC_vennlig":null,"Tas_inn_for_vinteren":null,"Merknader":null,"NummerplateId":null}},{"type":"Feature","id":226,"geometry":{"type":"Point","coordinates":[9.64813004001413,59.6690692224424]},"properties":{"OBJECTID":226,"Type":null,"Materiale":null,"HC_vennlig":null,"Tas_inn_for_vinteren":null,"Merknader":null,"NummerplateId":null}},{"type":"Feature","id":227,"geometry":{"type":"Point","coordinates":[9.64822834347631,59.669053529231]},"properties":{"OBJECTID":227,"Type":null,"Materiale":null,"HC_vennlig":null,"Tas_inn_for_vinteren":null,"Merknader":null,"NummerplateId":null}},{"type":"Feature","id":232,"geometry":{"type":"Point","coordinates":[9.6487135661619,59.6687594834025]},"properties":{"OBJECTID":232,"Type":null,"Materiale":"Stein","HC_vennlig":null,"Tas_inn_for_vinteren":null,"Merknader":null,"NummerplateId":null}},{"type":"Feature","id":233,"geometry":{"type":"Point","coordinates":[9.64887921587532,59.668702133475]},"properties":{"OBJECTID":233,"Type":null,"Materiale":"Stein","HC_vennlig":null,"Tas_inn_for_vinteren":null,"Merknader":null,"NummerplateId":null}},{"type":"Feature","id":234,"geometry":{"type":"Point","coordinates":[9.64841600873291,59.6687689804361]},"properties":{"OBJECTID":234,"Type":null,"Materiale":null,"HC_vennlig":null,"Tas_inn_for_vinteren":null,"Merknader":null,"NummerplateId":null}},{"type":"Feature","id":240,"geometry":{"type":"Point","coordinates":[9.64808166730259,59.6698883329934]},"properties":{"OBJECTID":240,"Type":null,"Materiale":null,"HC_vennlig":null,"Tas_inn_for_vinteren":null,"Merknader":null,"NummerplateId":null}},{"type":"Feature","id":241,"geometry":{"type":"Point","coordinates":[9.64812904348579,59.6698823841322]},"properties":{"OBJECTID":241,"Type":null,"Materiale":null,"HC_vennlig":null,"Tas_inn_for_vinteren":null,"Merknader":null,"NummerplateId":null}},{"type":"Feature","id":242,"geometry":{"type":"Point","coordinates":[9.64818122728407,59.6698735082731]},"properties":{"OBJECTID":242,"Type":null,"Materiale":null,"HC_vennlig":null,"Tas_inn_for_vinteren":null,"Merknader":null,"NummerplateId":null}},{"type":"Feature","id":243,"geometry":{"type":"Point","coordinates":[9.64823101418065,59.6698653518577]},"properties":{"OBJECTID":243,"Type":null,"Materiale":null,"HC_vennlig":null,"Tas_inn_for_vinteren":null,"Merknader":null,"NummerplateId":null}},{"type":"Feature","id":244,"geometry":{"type":"Point","coordinates":[9.64827121876456,59.6698586876444]},"properties":{"OBJECTID":244,"Type":null,"Materiale":null,"HC_vennlig":null,"Tas_inn_for_vinteren":null,"Merknader":null,"NummerplateId":null}},{"type":"Feature","id":245,"geometry":{"type":"Point","coordinates":[9.64831747915082,59.6698469009428]},"properties":{"OBJECTID":245,"Type":null,"Materiale":null,"HC_vennlig":null,"Tas_inn_for_vinteren":null,"Merknader":null,"NummerplateId":null}},{"type":"Feature","id":246,"geometry":{"type":"Point","coordinates":[9.64834107619692,59.669827077752]},"properties":{"OBJECTID":246,"Type":"Smijernsbenker","Materiale":null,"HC_vennlig":null,"Tas_inn_for_vinteren":null,"Merknader":null,"NummerplateId":null}},{"type":"Feature","id":247,"geometry":{"type":"Point","coordinates":[9.64832208496182,59.6698046524426]},"properties":{"OBJECTID":247,"Type":"Smijernsbenker","Materiale":null,"HC_vennlig":null,"Tas_inn_for_vinteren":null,"Merknader":null,"NummerplateId":null}},{"type":"Feature","id":248,"geometry":{"type":"Point","coordinates":[9.64828937846699,59.6697437994364]},"properties":{"OBJECTID":248,"Type":"Smijernsbenker","Materiale":null,"HC_vennlig":null,"Tas_inn_for_vinteren":null,"Merknader":null,"NummerplateId":null}},{"type":"Feature","id":249,"geometry":{"type":"Point","coordinates":[9.64802475685054,59.6697181593339]},"properties":{"OBJECTID":249,"Type":null,"Materiale":null,"HC_vennlig":null,"Tas_inn_for_vinteren":null,"Merknader":null,"NummerplateId":null}},{"type":"Feature","id":250,"geometry":{"type":"Point","coordinates":[9.64798779239508,59.669776717245]},"properties":{"OBJECTID":250,"Type":null,"Materiale":null,"HC_vennlig":null,"Tas_inn_for_vinteren":null,"Merknader":null,"NummerplateId":null}},{"type":"Feature","id":251,"geometry":{"type":"Point","coordinates":[9.64797248596947,59.669842837117]},"properties":{"OBJECTID":251,"Type":null,"Materiale":null,"HC_vennlig":null,"Tas_inn_for_vinteren":null,"Merknader":null,"NummerplateId":null}},{"type":"Feature","id":252,"geometry":{"type":"Point","coordinates":[9.6267205005209,59.6805732996154]},"properties":{"OBJECTID":252,"Type":null,"Materiale":null,"HC_vennlig":null,"Tas_inn_for_vinteren":null,"Merknader":null,"NummerplateId":null}},{"type":"Feature","id":253,"geometry":{"type":"Point","coordinates":[9.62674613391833,59.6806241663494]},"properties":{"OBJECTID":253,"Type":null,"Materiale":null,"HC_vennlig":null,"Tas_inn_for_vinteren":null,"Merknader":null,"NummerplateId":null}},{"type":"Feature","id":254,"geometry":{"type":"Point","coordinates":[9.64693432065166,59.6705422433503]},"properties":{"OBJECTID":254,"Type":null,"Materiale":null,"HC_vennlig":null,"Tas_inn_for_vinteren":null,"Merknader":null,"NummerplateId":null}},{"type":"Feature","id":255,"geometry":{"type":"Point","coordinates":[9.64672779408854,59.6706186942232]},"properties":{"OBJECTID":255,"Type":"Oslobenker","Materiale":null,"HC_vennlig":null,"Tas_inn_for_vinteren":null,"Merknader":null,"NummerplateId":null}},{"type":"Feature","id":256,"geometry":{"type":"Point","coordinates":[9.6467116167413,59.6706377172507]},"properties":{"OBJECTID":256,"Type":"Oslobenker","Materiale":null,"HC_vennlig":null,"Tas_inn_for_vinteren":null,"Merknader":null,"NummerplateId":null}},{"type":"Feature","id":261,"geometry":{"type":"Point","coordinates":[9.65140666680844,59.6715633329319]},"properties":{"OBJECTID":261,"Type":null,"Materiale":null,"HC_vennlig":null,"Tas_inn_for_vinteren":null,"Merknader":null,"NummerplateId":null}},{"type":"Feature","id":262,"geometry":{"type":"Point","coordinates":[9.6535713106429,59.6710118175323]},"properties":{"OBJECTID":262,"Type":"Oslobenker","Materiale":"Tre","HC_vennlig":null,"Tas_inn_for_vinteren":null,"Merknader":null,"NummerplateId":null}},{"type":"Feature","id":263,"geometry":{"type":"Point","coordinates":[9.65360971014649,59.671008895458]},"properties":{"OBJECTID":263,"Type":"Oslobenker","Materiale":"Tre","HC_vennlig":null,"Tas_inn_for_vinteren":null,"Merknader":null,"NummerplateId":null}},{"type":"Feature","id":264,"geometry":{"type":"Point","coordinates":[9.64894534034921,59.6695785758624]},"properties":{"OBJECTID":264,"Type":null,"Materiale":null,"HC_vennlig":null,"Tas_inn_for_vinteren":null,"Merknader":null,"NummerplateId":null}},{"type":"Feature","id":265,"geometry":{"type":"Point","coordinates":[9.64883085959868,59.6697081719721]},"properties":{"OBJECTID":265,"Type":null,"Materiale":null,"HC_vennlig":null,"Tas_inn_for_vinteren":null,"Merknader":null,"NummerplateId":null}},{"type":"Feature","id":266,"geometry":{"type":"Point","coordinates":[9.64886836229959,59.6697020750001]},"properties":{"OBJECTID":266,"Type":null,"Materiale":null,"HC_vennlig":null,"Tas_inn_for_vinteren":null,"Merknader":null,"NummerplateId":null}},{"type":"Feature","id":267,"geometry":{"type":"Point","coordinates":[9.64854885157882,59.6692788763761]},"properties":{"OBJECTID":267,"Type":null,"Materiale":null,"HC_vennlig":null,"Tas_inn_for_vinteren":null,"Merknader":null,"NummerplateId":null}},{"type":"Feature","id":271,"geometry":{"type":"Point","coordinates":[9.65065196707557,59.6692254822295]},"properties":{"OBJECTID":271,"Type":null,"Materiale":null,"HC_vennlig":null,"Tas_inn_for_vinteren":null,"Merknader":null,"NummerplateId":null}},{"type":"Feature","id":273,"geometry":{"type":"Point","coordinates":[9.65066463988549,59.6692453451141]},"properties":{"OBJECTID":273,"Type":null,"Materiale":null,"HC_vennlig":null,"Tas_inn_for_vinteren":null,"Merknader":null,"NummerplateId":null}},{"type":"Feature","id":274,"geometry":{"type":"Point","coordinates":[9.6506356552214,59.6692044331695]},"properties":{"OBJECTID":274,"Type":null,"Materiale":null,"HC_vennlig":null,"Tas_inn_for_vinteren":null,"Merknader":null,"NummerplateId":null}},{"type":"Feature","id":275,"geometry":{"type":"Point","coordinates":[9.62805150051087,59.6796631162964]},"properties":{"OBJECTID":275,"Type":null,"Materiale":null,"HC_vennlig":null,"Tas_inn_for_vinteren":null,"Merknader":null,"NummerplateId":null}},{"type":"Feature","id":276,"geometry":{"type":"Point","coordinates":[9.62796858374871,59.6795277664797]},"properties":{"OBJECTID":276,"Type":null,"Materiale":null,"HC_vennlig":null,"Tas_inn_for_vinteren":null,"Merknader":null,"NummerplateId":null}},{"type":"Feature","id":277,"geometry":{"type":"Point","coordinates":[9.62679287570832,59.6792060497006]},"properties":{"OBJECTID":277,"Type":null,"Materiale":null,"HC_vennlig":null,"Tas_inn_for_vinteren":null,"Merknader":null,"NummerplateId":null}},{"type":"Feature","id":278,"geometry":{"type":"Point","coordinates":[9.62679025835907,59.6791856085307]},"properties":{"OBJECTID":278,"Type":null,"Materiale":null,"HC_vennlig":null,"Tas_inn_for_vinteren":null,"Merknader":null,"NummerplateId":null}},{"type":"Feature","id":279,"geometry":{"type":"Point","coordinates":[9.62722335352672,59.6796034633826]},"properties":{"OBJECTID":279,"Type":null,"Materiale":"Tre","HC_vennlig":null,"Tas_inn_for_vinteren":null,"Merknader":null,"NummerplateId":null}},{"type":"Feature","id":280,"geometry":{"type":"Point","coordinates":[9.64847316711196,59.6668981549113]},"properties":{"OBJECTID":280,"Type":null,"Materiale":null,"HC_vennlig":null,"Tas_inn_for_vinteren":null,"Merknader":null,"NummerplateId":null}},{"type":"Feature","id":281,"geometry":{"type":"Point","coordinates":[9.64840642995292,59.6668858516493]},"properties":{"OBJECTID":281,"Type":null,"Materiale":null,"HC_vennlig":null,"Tas_inn_for_vinteren":null,"Merknader":null,"NummerplateId":null}},{"type":"Feature","id":282,"geometry":{"type":"Point","coordinates":[9.6483382903154,59.6668736289193]},"properties":{"OBJECTID":282,"Type":null,"Materiale":null,"HC_vennlig":null,"Tas_inn_for_vinteren":null,"Merknader":null,"NummerplateId":null}},{"type":"Feature","id":283,"geometry":{"type":"Point","coordinates":[9.64784122430155,59.6671367204612]},"properties":{"OBJECTID":283,"Type":null,"Materiale":"Plast","HC_vennlig":null,"Tas_inn_for_vinteren":null,"Merknader":null,"NummerplateId":null}},{"type":"Feature","id":284,"geometry":{"type":"Point","coordinates":[9.64790612196406,59.6668670835114]},"properties":{"OBJECTID":284,"Type":null,"Materiale":null,"HC_vennlig":null,"Tas_inn_for_vinteren":null,"Merknader":null,"NummerplateId":null}},{"type":"Feature","id":285,"geometry":{"type":"Point","coordinates":[9.64800660436654,59.6670004216599]},"properties":{"OBJECTID":285,"Type":null,"Materiale":null,"HC_vennlig":null,"Tas_inn_for_vinteren":null,"Merknader":null,"NummerplateId":null}},{"type":"Feature","id":286,"geometry":{"type":"Point","coordinates":[9.64801772739828,59.6670189310843]},"properties":{"OBJECTID":286,"Type":null,"Materiale":null,"HC_vennlig":null,"Tas_inn_for_vinteren":null,"Merknader":null,"NummerplateId":null}},{"type":"Feature","id":289,"geometry":{"type":"Point","coordinates":[9.64740108853779,59.6670560890985]},"properties":{"OBJECTID":289,"Type":"Hvitt betongunderstell","Materiale":null,"HC_vennlig":null,"Tas_inn_for_vinteren":null,"Merknader":null,"NummerplateId":null}},{"type":"Feature","id":290,"geometry":{"type":"Point","coordinates":[9.64751150841812,59.6670374468553]},"properties":{"OBJECTID":290,"Type":"Hvitt betongunderstell","Materiale":null,"HC_vennlig":null,"Tas_inn_for_vinteren":null,"Merknader":null,"NummerplateId":null}},{"type":"Feature","id":291,"geometry":{"type":"Point","coordinates":[9.64766623709712,59.6671514898318]},"properties":{"OBJECTID":291,"Type":null,"Materiale":null,"HC_vennlig":null,"Tas_inn_for_vinteren":null,"Merknader":null,"NummerplateId":null}},{"type":"Feature","id":293,"geometry":{"type":"Point","coordinates":[9.64770811223939,59.6672167832574]},"properties":{"OBJECTID":293,"Type":null,"Materiale":null,"HC_vennlig":null,"Tas_inn_for_vinteren":null,"Merknader":null,"NummerplateId":null}},{"type":"Feature","id":294,"geometry":{"type":"Point","coordinates":[9.64694176153742,59.6673737178004]},"properties":{"OBJECTID":294,"Type":null,"Materiale":null,"HC_vennlig":null,"Tas_inn_for_vinteren":null,"Merknader":null,"NummerplateId":null}},{"type":"Feature","id":295,"geometry":{"type":"Point","coordinates":[9.64840755235,59.6663228834898]},"properties":{"OBJECTID":295,"Type":"Oslobenker","Materiale":null,"HC_vennlig":null,"Tas_inn_for_vinteren":null,"Merknader":null,"NummerplateId":null}},{"type":"Feature","id":296,"geometry":{"type":"Point","coordinates":[9.64841485020881,59.6664064835761]},"properties":{"OBJECTID":296,"Type":"Hvitt betongunderstell","Materiale":null,"HC_vennlig":null,"Tas_inn_for_vinteren":null,"Merknader":null,"NummerplateId":null}},{"type":"Feature","id":297,"geometry":{"type":"Point","coordinates":[9.64827951684014,59.6662984331915]},"properties":{"OBJECTID":297,"Type":"Hvitt betongunderstell","Materiale":null,"HC_vennlig":null,"Tas_inn_for_vinteren":null,"Merknader":null,"NummerplateId":null}},{"type":"Feature","id":298,"geometry":{"type":"Point","coordinates":[9.64821410727386,59.6662214088886]},"properties":{"OBJECTID":298,"Type":"Hvitt betongunderstell","Materiale":null,"HC_vennlig":null,"Tas_inn_for_vinteren":null,"Merknader":null,"NummerplateId":null}},{"type":"Feature","id":299,"geometry":{"type":"Point","coordinates":[9.64814559349958,59.6661442939229]},"properties":{"OBJECTID":299,"Type":"Hvitt betongunderstell","Materiale":null,"HC_vennlig":null,"Tas_inn_for_vinteren":null,"Merknader":null,"NummerplateId":null}},{"type":"Feature","id":300,"geometry":{"type":"Point","coordinates":[9.64810515457136,59.6659796513577]},"properties":{"OBJECTID":300,"Type":"Hvitt betongunderstell","Materiale":null,"HC_vennlig":null,"Tas_inn_for_vinteren":null,"Merknader":null,"NummerplateId":null}},{"type":"Feature","id":301,"geometry":{"type":"Point","coordinates":[9.64712214675977,59.6636430741107]},"properties":{"OBJECTID":301,"Type":null,"Materiale":null,"HC_vennlig":null,"Tas_inn_for_vinteren":null,"Merknader":null,"NummerplateId":null}},{"type":"Feature","id":302,"geometry":{"type":"Point","coordinates":[9.64703142944072,59.6636585360755]},"properties":{"OBJECTID":302,"Type":null,"Materiale":null,"HC_vennlig":null,"Tas_inn_for_vinteren":null,"Merknader":null,"NummerplateId":null}},{"type":"Feature","id":303,"geometry":{"type":"Point","coordinates":[9.64690780287478,59.6648235118411]},"properties":{"OBJECTID":303,"Type":null,"Materiale":null,"HC_vennlig":null,"Tas_inn_for_vinteren":null,"Merknader":null,"NummerplateId":null}},{"type":"Feature","id":304,"geometry":{"type":"Point","coordinates":[9.64015887594437,59.6641858088778]},"properties":{"OBJECTID":304,"Type":"Oslobenker","Materiale":null,"HC_vennlig":null,"Tas_inn_for_vinteren":null,"Merknader":null,"NummerplateId":null}},{"type":"Feature","id":305,"geometry":{"type":"Point","coordinates":[9.64022455847913,59.6642450006414]},"properties":{"OBJECTID":305,"Type":"Oslobenker","Materiale":null,"HC_vennlig":null,"Tas_inn_for_vinteren":null,"Merknader":null,"NummerplateId":null}},{"type":"Feature","id":306,"geometry":{"type":"Point","coordinates":[9.64044577117846,59.6615142030321]},"properties":{"OBJECTID":306,"Type":"ASVO benker uten rygg","Materiale":"Tre","HC_vennlig":null,"Tas_inn_for_vinteren":null,"Merknader":null,"NummerplateId":null}},{"type":"Feature","id":307,"geometry":{"type":"Point","coordinates":[9.64006557911886,59.6614556885035]},"properties":{"OBJECTID":307,"Type":"ASVO benker med rygg","Materiale":"Tre","HC_vennlig":null,"Tas_inn_for_vinteren":null,"Merknader":null,"NummerplateId":null}},{"type":"Feature","id":308,"geometry":{"type":"Point","coordinates":[9.64020613419618,59.661257403167]},"properties":{"OBJECTID":308,"Type":null,"Materiale":"Plast","HC_vennlig":null,"Tas_inn_for_vinteren":null,"Merknader":null,"NummerplateId":null}},{"type":"Feature","id":309,"geometry":{"type":"Point","coordinates":[9.64006902622875,59.6610415391325]},"properties":{"OBJECTID":309,"Type":null,"Materiale":"Plast","HC_vennlig":null,"Tas_inn_for_vinteren":null,"Merknader":null,"NummerplateId":null}},{"type":"Feature","id":310,"geometry":{"type":"Point","coordinates":[9.63998696249371,59.6609086861051]},"properties":{"OBJECTID":310,"Type":null,"Materiale":"Plast","HC_vennlig":null,"Tas_inn_for_vinteren":null,"Merknader":null,"NummerplateId":null}},{"type":"Feature","id":311,"geometry":{"type":"Point","coordinates":[9.63981374184257,59.6609642631754]},"properties":{"OBJECTID":311,"Type":"ASVO benker med rygg","Materiale":"Tre","HC_vennlig":null,"Tas_inn_for_vinteren":null,"Merknader":null,"NummerplateId":null}},{"type":"Feature","id":312,"geometry":{"type":"Point","coordinates":[9.63989812039558,59.6610060612655]},"properties":{"OBJECTID":312,"Type":"ASVO benker med rygg","Materiale":"Tre","HC_vennlig":null,"Tas_inn_for_vinteren":null,"Merknader":null,"NummerplateId":null}},{"type":"Feature","id":313,"geometry":{"type":"Point","coordinates":[9.63237833256309,59.6578583332523]},"properties":{"OBJECTID":313,"Type":null,"Materiale":"Tre","HC_vennlig":null,"Tas_inn_for_vinteren":null,"Merknader":null,"NummerplateId":null}},{"type":"Feature","id":315,"geometry":{"type":"Point","coordinates":[9.63174333412424,59.6585489507143]},"properties":{"OBJECTID":315,"Type":null,"Materiale":"Betong","HC_vennlig":null,"Tas_inn_for_vinteren":null,"Merknader":null,"NummerplateId":null}},{"type":"Feature","id":316,"geometry":{"type":"Point","coordinates":[9.61977045780736,59.6659146980548]},"properties":{"OBJECTID":316,"Type":"Tømmerbenk","Materiale":"Tre","HC_vennlig":null,"Tas_inn_for_vinteren":null,"Merknader":null,"NummerplateId":null}},{"type":"Feature","id":317,"geometry":{"type":"Point","coordinates":[9.63815874335851,59.6645403796128]},"properties":{"OBJECTID":317,"Type":null,"Materiale":"Betong","HC_vennlig":null,"Tas_inn_for_vinteren":null,"Merknader":null,"NummerplateId":null}},{"type":"Feature","id":318,"geometry":{"type":"Point","coordinates":[9.64477299401708,59.6592140003945]},"properties":{"OBJECTID":318,"Type":"Tømmerbenk","Materiale":"Tre","HC_vennlig":null,"Tas_inn_for_vinteren":null,"Merknader":null,"NummerplateId":null}},{"type":"Feature","id":319,"geometry":{"type":"Point","coordinates":[9.64450378533274,59.659328762242]},"properties":{"OBJECTID":319,"Type":"Tømmerbenk","Materiale":"Tre","HC_vennlig":null,"Tas_inn_for_vinteren":null,"Merknader":null,"NummerplateId":null}},{"type":"Feature","id":320,"geometry":{"type":"Point","coordinates":[9.64696261307597,59.6605218303345]},"properties":{"OBJECTID":320,"Type":"ASVO benker med rygg","Materiale":"Tre","HC_vennlig":null,"Tas_inn_for_vinteren":null,"Merknader":null,"NummerplateId":null}},{"type":"Feature","id":321,"geometry":{"type":"Point","coordinates":[9.65046737629635,59.6646751916037]},"properties":{"OBJECTID":321,"Type":"ASVO benker uten rygg","Materiale":"Tre","HC_vennlig":null,"Tas_inn_for_vinteren":null,"Merknader":null,"NummerplateId":null}},{"type":"Feature","id":322,"geometry":{"type":"Point","coordinates":[9.6488080159194,59.6658454666448]},"properties":{"OBJECTID":322,"Type":null,"Materiale":null,"HC_vennlig":null,"Tas_inn_for_vinteren":null,"Merknader":null,"NummerplateId":null}},{"type":"Feature","id":323,"geometry":{"type":"Point","coordinates":[9.65027246531092,59.6636762779598]},"properties":{"OBJECTID":323,"Type":"Oslobenker","Materiale":null,"HC_vennlig":null,"Tas_inn_for_vinteren":null,"Merknader":null,"NummerplateId":null}},{"type":"Feature","id":324,"geometry":{"type":"Point","coordinates":[9.65036999957076,59.6656783332555]},"properties":{"OBJECTID":324,"Type":null,"Materiale":null,"HC_vennlig":null,"Tas_inn_for_vinteren":null,"Merknader":null,"NummerplateId":null}},{"type":"Feature","id":325,"geometry":{"type":"Point","coordinates":[9.65270000021644,59.6674766666298]},"properties":{"OBJECTID":325,"Type":null,"Materiale":"Stein","HC_vennlig":null,"Tas_inn_for_vinteren":null,"Merknader":null,"NummerplateId":null}},{"type":"Feature","id":326,"geometry":{"type":"Point","coordinates":[9.65281666709796,59.6674233332096]},"properties":{"OBJECTID":326,"Type":null,"Materiale":"Stein","HC_vennlig":null,"Tas_inn_for_vinteren":null,"Merknader":null,"NummerplateId":null}},{"type":"Feature","id":327,"geometry":{"type":"Point","coordinates":[9.65299999926932,59.6673700001981]},"properties":{"OBJECTID":327,"Type":null,"Materiale":"Stein","HC_vennlig":null,"Tas_inn_for_vinteren":null,"Merknader":null,"NummerplateId":null}},{"type":"Feature","id":328,"geometry":{"type":"Point","coordinates":[9.65316666590611,59.6669533335566]},"properties":{"OBJECTID":328,"Type":null,"Materiale":"Stein","HC_vennlig":null,"Tas_inn_for_vinteren":null,"Merknader":null,"NummerplateId":null}},{"type":"Feature","id":329,"geometry":{"type":"Point","coordinates":[9.65395333250029,59.6666366667952]},"properties":{"OBJECTID":329,"Type":"Hvitt betongunderstell","Materiale":null,"HC_vennlig":null,"Tas_inn_for_vinteren":null,"Merknader":null,"NummerplateId":null}},{"type":"Feature","id":330,"geometry":{"type":"Point","coordinates":[9.65389729562833,59.6661434865923]},"properties":{"OBJECTID":330,"Type":"Hvitt betongunderstell","Materiale":null,"HC_vennlig":null,"Tas_inn_for_vinteren":null,"Merknader":null,"NummerplateId":null}},{"type":"Feature","id":331,"geometry":{"type":"Point","coordinates":[9.65356747407843,59.6652835537801]},"properties":{"OBJECTID":331,"Type":"Hvitt betongunderstell","Materiale":null,"HC_vennlig":null,"Tas_inn_for_vinteren":null,"Merknader":null,"NummerplateId":null}},{"type":"Feature","id":332,"geometry":{"type":"Point","coordinates":[9.65370333415082,59.6647883335284]},"properties":{"OBJECTID":332,"Type":"Hvitt betongunderstell","Materiale":null,"HC_vennlig":null,"Tas_inn_for_vinteren":null,"Merknader":null,"NummerplateId":null}},{"type":"Feature","id":333,"geometry":{"type":"Point","coordinates":[9.65424485114966,59.6637490108315]},"properties":{"OBJECTID":333,"Type":"Hvitt betongunderstell","Materiale":null,"HC_vennlig":null,"Tas_inn_for_vinteren":null,"Merknader":null,"NummerplateId":null}},{"type":"Feature","id":334,"geometry":{"type":"Point","coordinates":[9.65423859588592,59.6631612850104]},"properties":{"OBJECTID":334,"Type":"Hvitt betongunderstell","Materiale":null,"HC_vennlig":null,"Tas_inn_for_vinteren":null,"Merknader":null,"NummerplateId":null}},{"type":"Feature","id":335,"geometry":{"type":"Point","coordinates":[9.65410995422208,59.6630206483712]},"properties":{"OBJECTID":335,"Type":"Hvitt betongunderstell","Materiale":null,"HC_vennlig":null,"Tas_inn_for_vinteren":null,"Merknader":null,"NummerplateId":null}},{"type":"Feature","id":336,"geometry":{"type":"Point","coordinates":[9.65404826689539,59.6626108701724]},"properties":{"OBJECTID":336,"Type":"Hvitt betongunderstell","Materiale":null,"HC_vennlig":null,"Tas_inn_for_vinteren":null,"Merknader":null,"NummerplateId":null}},{"type":"Feature","id":337,"geometry":{"type":"Point","coordinates":[9.64795572387373,59.6662029201111]},"properties":{"OBJECTID":337,"Type":null,"Materiale":"Betong","HC_vennlig":null,"Tas_inn_for_vinteren":null,"Merknader":null,"NummerplateId":null}},{"type":"Feature","id":338,"geometry":{"type":"Point","coordinates":[9.64974376253083,59.6684747042164]},"properties":{"OBJECTID":338,"Type":"Smijernsbenker","Materiale":null,"HC_vennlig":null,"Tas_inn_for_vinteren":null,"Merknader":null,"NummerplateId":null}},{"type":"Feature","id":339,"geometry":{"type":"Point","coordinates":[9.64977977701313,59.6685014039212]},"properties":{"OBJECTID":339,"Type":"Smijernsbenker","Materiale":null,"HC_vennlig":null,"Tas_inn_for_vinteren":null,"Merknader":null,"NummerplateId":null}},{"type":"Feature","id":340,"geometry":{"type":"Point","coordinates":[9.63432799916639,59.6770380550263]},"properties":{"OBJECTID":340,"Type":null,"Materiale":"Betong","HC_vennlig":null,"Tas_inn_for_vinteren":null,"Merknader":null,"NummerplateId":null}},{"type":"Feature","id":341,"geometry":{"type":"Point","coordinates":[9.65123472728948,59.6706051287843]},"properties":{"OBJECTID":341,"Type":"Smijernsbenker","Materiale":null,"HC_vennlig":null,"Tas_inn_for_vinteren":null,"Merknader":null,"NummerplateId":null}},{"type":"Feature","id":342,"geometry":{"type":"Point","coordinates":[9.65163192523741,59.6703928516744]},"properties":{"OBJECTID":342,"Type":null,"Materiale":null,"HC_vennlig":null,"Tas_inn_for_vinteren":null,"Merknader":null,"NummerplateId":null}},{"type":"Feature","id":343,"geometry":{"type":"Point","coordinates":[9.65203005804546,59.6704376822619]},"properties":{"OBJECTID":343,"Type":null,"Materiale":null,"HC_vennlig":null,"Tas_inn_for_vinteren":null,"Merknader":null,"NummerplateId":null}},{"type":"Feature","id":344,"geometry":{"type":"Point","coordinates":[9.64217682662442,59.671196302389]},"properties":{"OBJECTID":344,"Type":"Hvitt betongunderstell","Materiale":null,"HC_vennlig":null,"Tas_inn_for_vinteren":null,"Merknader":null,"NummerplateId":null}},{"type":"Feature","id":345,"geometry":{"type":"Point","coordinates":[9.6561151661498,59.6619753761315]},"properties":{"OBJECTID":345,"Type":null,"Materiale":null,"HC_vennlig":null,"Tas_inn_for_vinteren":null,"Merknader":null,"NummerplateId":null}},{"type":"Feature","id":346,"geometry":{"type":"Point","coordinates":[9.65590833338951,59.6621550003462]},"properties":{"OBJECTID":346,"Type":null,"Materiale":null,"HC_vennlig":null,"Tas_inn_for_vinteren":null,"Merknader":null,"NummerplateId":null}},{"type":"Feature","id":347,"geometry":{"type":"Point","coordinates":[9.65588819489449,59.6611441560428]},"properties":{"OBJECTID":347,"Type":null,"Materiale":null,"HC_vennlig":null,"Tas_inn_for_vinteren":null,"Merknader":null,"NummerplateId":null}},{"type":"Feature","id":348,"geometry":{"type":"Point","coordinates":[9.64338905172355,59.66362308125]},"properties":{"OBJECTID":348,"Type":"Oslobenker","Materiale":null,"HC_vennlig":null,"Tas_inn_for_vinteren":null,"Merknader":null,"NummerplateId":null}},{"type":"Feature","id":349,"geometry":{"type":"Point","coordinates":[9.64339065697747,59.6636745422582]},"properties":{"OBJECTID":349,"Type":"Oslobenker","Materiale":null,"HC_vennlig":null,"Tas_inn_for_vinteren":null,"Merknader":null,"NummerplateId":null}},{"type":"Feature","id":351,"geometry":{"type":"Point","coordinates":[9.64430786196248,59.6634246852615]},"properties":{"OBJECTID":351,"Type":"Oslobenker","Materiale":null,"HC_vennlig":null,"Tas_inn_for_vinteren":null,"Merknader":null,"NummerplateId":null}},{"type":"Feature","id":352,"geometry":{"type":"Point","coordinates":[9.64861089250516,59.6670419408627]},"properties":{"OBJECTID":352,"Type":null,"Materiale":"Plast","HC_vennlig":null,"Tas_inn_for_vinteren":null,"Merknader":null,"NummerplateId":null}},{"type":"Feature","id":353,"geometry":{"type":"Point","coordinates":[9.64856959424309,59.6670132141277]},"properties":{"OBJECTID":353,"Type":null,"Materiale":"Plast","HC_vennlig":null,"Tas_inn_for_vinteren":null,"Merknader":null,"NummerplateId":null}},{"type":"Feature","id":354,"geometry":{"type":"Point","coordinates":[9.64866130653397,59.6670758470862]},"properties":{"OBJECTID":354,"Type":null,"Materiale":"Plast","HC_vennlig":null,"Tas_inn_for_vinteren":null,"Merknader":null,"NummerplateId":null}},{"type":"Feature","id":355,"geometry":{"type":"Point","coordinates":[9.64340423194384,59.6705661348739]},"properties":{"OBJECTID":355,"Type":"Champetre","Materiale":"Tre","HC_vennlig":null,"Tas_inn_for_vinteren":null,"Merknader":null,"NummerplateId":null}},{"type":"Feature","id":357,"geometry":{"type":"Point","coordinates":[9.64265879773818,59.671424291321]},"properties":{"OBJECTID":357,"Type":"Champetre","Materiale":"Tre","HC_vennlig":null,"Tas_inn_for_vinteren":null,"Merknader":null,"NummerplateId":null}},{"type":"Feature","id":358,"geometry":{"type":"Point","coordinates":[9.64271610004229,59.6713411298564]},"properties":{"OBJECTID":358,"Type":"Champetre forlenget","Materiale":"Tre","HC_vennlig":null,"Tas_inn_for_vinteren":null,"Merknader":null,"NummerplateId":null}},{"type":"Feature","id":359,"geometry":{"type":"Point","coordinates":[9.66399438755468,59.6612699095386]},"properties":{"OBJECTID":359,"Type":"ASVO benker med rygg","Materiale":"Tre","HC_vennlig":null,"Tas_inn_for_vinteren":null,"Merknader":null,"NummerplateId":null}},{"type":"Feature","id":360,"geometry":{"type":"Point","coordinates":[9.6710562043636,59.6561435989388]},"properties":{"OBJECTID":360,"Type":"ASVO benker uten rygg","Materiale":"Tre","HC_vennlig":null,"Tas_inn_for_vinteren":null,"Merknader":null,"NummerplateId":null}},{"type":"Feature","id":361,"geometry":{"type":"Point","coordinates":[9.67100439775705,59.6561300158211]},"properties":{"OBJECTID":361,"Type":"ASVO benker uten rygg","Materiale":"Tre","HC_vennlig":null,"Tas_inn_for_vinteren":null,"Merknader":null,"NummerplateId":null}},{"type":"Feature","id":362,"geometry":{"type":"Point","coordinates":[9.67119071652708,59.6562002169015]},"properties":{"OBJECTID":362,"Type":"ASVO benker uten rygg","Materiale":"Tre","HC_vennlig":null,"Tas_inn_for_vinteren":null,"Merknader":null,"NummerplateId":null}},{"type":"Feature","id":363,"geometry":{"type":"Point","coordinates":[9.67591919954485,59.6548025667036]},"properties":{"OBJECTID":363,"Type":"ASVO benker med rygg","Materiale":"Tre","HC_vennlig":null,"Tas_inn_for_vinteren":null,"Merknader":null,"NummerplateId":null}},{"type":"Feature","id":364,"geometry":{"type":"Point","coordinates":[9.67590630078537,59.6547817330131]},"properties":{"OBJECTID":364,"Type":"ASVO benker med rygg","Materiale":"Tre","HC_vennlig":null,"Tas_inn_for_vinteren":null,"Merknader":null,"NummerplateId":null}},{"type":"Feature","id":365,"geometry":{"type":"Point","coordinates":[9.67595933340538,59.654767884626]},"properties":{"OBJECTID":365,"Type":"ASVO benker med rygg","Materiale":"Tre","HC_vennlig":null,"Tas_inn_for_vinteren":null,"Merknader":null,"NummerplateId":null}},{"type":"Feature","id":366,"geometry":{"type":"Point","coordinates":[9.67597826748033,59.6547958829199]},"properties":{"OBJECTID":366,"Type":"ASVO benker med rygg","Materiale":"Tre","HC_vennlig":null,"Tas_inn_for_vinteren":null,"Merknader":null,"NummerplateId":null}},{"type":"Feature","id":367,"geometry":{"type":"Point","coordinates":[9.66200368306596,59.6551918003747]},"properties":{"OBJECTID":367,"Type":"ASVO benker med rygg","Materiale":"Tre","HC_vennlig":null,"Tas_inn_for_vinteren":null,"Merknader":null,"NummerplateId":null}},{"type":"Feature","id":368,"geometry":{"type":"Point","coordinates":[9.66313316700224,59.65522518308]},"properties":{"OBJECTID":368,"Type":"ASVO benker med rygg","Materiale":"Tre","HC_vennlig":null,"Tas_inn_for_vinteren":null,"Merknader":null,"NummerplateId":null}},{"type":"Feature","id":369,"geometry":{"type":"Point","coordinates":[9.65728490046178,59.6477275829293]},"properties":{"OBJECTID":369,"Type":"ASVO benker med rygg","Materiale":"Tre","HC_vennlig":null,"Tas_inn_for_vinteren":null,"Merknader":null,"NummerplateId":null}},{"type":"Feature","id":370,"geometry":{"type":"Point","coordinates":[9.65724846627259,59.6477326497425]},"properties":{"OBJECTID":370,"Type":"ASVO benker uten rygg","Materiale":"Tre","HC_vennlig":null,"Tas_inn_for_vinteren":null,"Merknader":null,"NummerplateId":null}},{"type":"Feature","id":371,"geometry":{"type":"Point","coordinates":[9.66086076137694,59.6472378064596]},"properties":{"OBJECTID":371,"Type":"ASVO benker med rygg","Materiale":"Tre","HC_vennlig":null,"Tas_inn_for_vinteren":null,"Merknader":null,"NummerplateId":null}},{"type":"Feature","id":372,"geometry":{"type":"Point","coordinates":[9.65997863182147,59.6485473555502]},"properties":{"OBJECTID":372,"Type":null,"Materiale":null,"HC_vennlig":null,"Tas_inn_for_vinteren":null,"Merknader":null,"NummerplateId":null}},{"type":"Feature","id":373,"geometry":{"type":"Point","coordinates":[9.66013599939576,59.6484539166032]},"properties":{"OBJECTID":373,"Type":null,"Materiale":null,"HC_vennlig":null,"Tas_inn_for_vinteren":null,"Merknader":null,"NummerplateId":null}},{"type":"Feature","id":374,"geometry":{"type":"Point","coordinates":[9.65803391584989,59.6466951587553]},"properties":{"OBJECTID":374,"Type":"ASVO benker med rygg","Materiale":"Tre","HC_vennlig":null,"Tas_inn_for_vinteren":null,"Merknader":null,"NummerplateId":null}},{"type":"Feature","id":375,"geometry":{"type":"Point","coordinates":[9.66009983057877,59.6455888690401]},"properties":{"OBJECTID":375,"Type":"ASVO benker med rygg","Materiale":"Tre","HC_vennlig":null,"Tas_inn_for_vinteren":null,"Merknader":null,"NummerplateId":null}},{"type":"Feature","id":376,"geometry":{"type":"Point","coordinates":[9.66003871622989,59.6456032330614]},"properties":{"OBJECTID":376,"Type":"ASVO benker med rygg","Materiale":"Tre","HC_vennlig":null,"Tas_inn_for_vinteren":null,"Merknader":null,"NummerplateId":null}},{"type":"Feature","id":377,"geometry":{"type":"Point","coordinates":[9.66359465045418,59.6455906664812]},"properties":{"OBJECTID":377,"Type":"Champetre","Materiale":"Tre","HC_vennlig":null,"Tas_inn_for_vinteren":null,"Merknader":null,"NummerplateId":null}},{"type":"Feature","id":378,"geometry":{"type":"Point","coordinates":[9.6631368898267,59.6456073201438]},"properties":{"OBJECTID":378,"Type":"ASVO benker med rygg","Materiale":"Tre","HC_vennlig":null,"Tas_inn_for_vinteren":null,"Merknader":null,"NummerplateId":null}},{"type":"Feature","id":379,"geometry":{"type":"Point","coordinates":[9.6744668826721,59.6603971452925]},"properties":{"OBJECTID":379,"Type":null,"Materiale":"Stein","HC_vennlig":null,"Tas_inn_for_vinteren":null,"Merknader":null,"NummerplateId":null}},{"type":"Feature","id":380,"geometry":{"type":"Point","coordinates":[9.67450669504709,59.6603774234111]},"properties":{"OBJECTID":380,"Type":null,"Materiale":"Stein","HC_vennlig":null,"Tas_inn_for_vinteren":null,"Merknader":null,"NummerplateId":null}},{"type":"Feature","id":381,"geometry":{"type":"Point","coordinates":[9.67440499987285,59.6605383331933]},"properties":{"OBJECTID":381,"Type":null,"Materiale":null,"HC_vennlig":null,"Tas_inn_for_vinteren":null,"Merknader":null,"NummerplateId":null}},{"type":"Feature","id":382,"geometry":{"type":"Point","coordinates":[9.66237000039588,59.6436133330015]},"properties":{"OBJECTID":382,"Type":"ASVO benker med rygg","Materiale":"Tre","HC_vennlig":null,"Tas_inn_for_vinteren":null,"Merknader":null,"NummerplateId":null}},{"type":"Feature","id":383,"geometry":{"type":"Point","coordinates":[9.66023196074125,59.6447834773196]},"properties":{"OBJECTID":383,"Type":null,"Materiale":"Tre","HC_vennlig":null,"Tas_inn_for_vinteren":null,"Merknader":null,"NummerplateId":null}},{"type":"Feature","id":384,"geometry":{"type":"Point","coordinates":[9.66016499997231,59.6447833330467]},"properties":{"OBJECTID":384,"Type":"ASVO benker med rygg","Materiale":"Tre","HC_vennlig":null,"Tas_inn_for_vinteren":null,"Merknader":null,"NummerplateId":null}},{"type":"Feature","id":385,"geometry":{"type":"Point","coordinates":[9.66698500073955,59.6437866668801]},"properties":{"OBJECTID":385,"Type":"ASVO benker med rygg","Materiale":"Tre","HC_vennlig":null,"Tas_inn_for_vinteren":null,"Merknader":null,"NummerplateId":null}},{"type":"Feature","id":386,"geometry":{"type":"Point","coordinates":[9.66469833309281,59.6428733335442]},"properties":{"OBJECTID":386,"Type":null,"Materiale":"Tre","HC_vennlig":null,"Tas_inn_for_vinteren":null,"Merknader":null,"NummerplateId":null}},{"type":"Feature","id":387,"geometry":{"type":"Point","coordinates":[9.66476339676622,59.6429170338519]},"properties":{"OBJECTID":387,"Type":null,"Materiale":"Tre","HC_vennlig":null,"Tas_inn_for_vinteren":null,"Merknader":null,"NummerplateId":null}},{"type":"Feature","id":388,"geometry":{"type":"Point","coordinates":[9.66331166665121,59.6421049996546]},"properties":{"OBJECTID":388,"Type":null,"Materiale":"Tre","HC_vennlig":null,"Tas_inn_for_vinteren":null,"Merknader":null,"NummerplateId":null}},{"type":"Feature","id":389,"geometry":{"type":"Point","coordinates":[9.66643496153533,59.6412294857794]},"properties":{"OBJECTID":389,"Type":"ASVO benker med rygg","Materiale":"Tre","HC_vennlig":null,"Tas_inn_for_vinteren":null,"Merknader":null,"NummerplateId":null}},{"type":"Feature","id":390,"geometry":{"type":"Point","coordinates":[9.6675999996711,59.6419783329419]},"properties":{"OBJECTID":390,"Type":"ASVO benker med rygg","Materiale":"Tre","HC_vennlig":null,"Tas_inn_for_vinteren":null,"Merknader":null,"NummerplateId":null}},{"type":"Feature","id":391,"geometry":{"type":"Point","coordinates":[9.66757914366129,59.6419579627896]},"properties":{"OBJECTID":391,"Type":"ASVO benker med rygg","Materiale":"Tre","HC_vennlig":null,"Tas_inn_for_vinteren":null,"Merknader":null,"NummerplateId":null}},{"type":"Feature","id":392,"geometry":{"type":"Point","coordinates":[9.66753166584488,59.6419383333933]},"properties":{"OBJECTID":392,"Type":"ASVO benker med rygg","Materiale":"Tre","HC_vennlig":null,"Tas_inn_for_vinteren":null,"Merknader":null,"NummerplateId":null}},{"type":"Feature","id":393,"geometry":{"type":"Point","coordinates":[9.66693666638718,59.6429383329757]},"properties":{"OBJECTID":393,"Type":null,"Materiale":null,"HC_vennlig":null,"Tas_inn_for_vinteren":null,"Merknader":null,"NummerplateId":null}},{"type":"Feature","id":394,"geometry":{"type":"Point","coordinates":[9.67000073371265,59.640545500321]},"properties":{"OBJECTID":394,"Type":"ASVO benker med rygg","Materiale":"Tre","HC_vennlig":null,"Tas_inn_for_vinteren":null,"Merknader":null,"NummerplateId":null}},{"type":"Feature","id":395,"geometry":{"type":"Point","coordinates":[9.669809224438,59.6405405625071]},"properties":{"OBJECTID":395,"Type":"ASVO benker med rygg","Materiale":"Tre","HC_vennlig":null,"Tas_inn_for_vinteren":null,"Merknader":null,"NummerplateId":null}},{"type":"Feature","id":396,"geometry":{"type":"Point","coordinates":[9.66794636615346,59.6400044830175]},"properties":{"OBJECTID":396,"Type":"ASVO benker med rygg","Materiale":"Tre","HC_vennlig":null,"Tas_inn_for_vinteren":null,"Merknader":null,"NummerplateId":null}},{"type":"Feature","id":397,"geometry":{"type":"Point","coordinates":[9.67054534604007,59.639158944706]},"properties":{"OBJECTID":397,"Type":"ASVO benker med rygg","Materiale":"Tre","HC_vennlig":null,"Tas_inn_for_vinteren":null,"Merknader":null,"NummerplateId":null}},{"type":"Feature","id":399,"geometry":{"type":"Point","coordinates":[9.66929576633603,59.6385967834527]},"properties":{"OBJECTID":399,"Type":"ASVO benker uten rygg","Materiale":"Tre","HC_vennlig":null,"Tas_inn_for_vinteren":null,"Merknader":null,"NummerplateId":null}},{"type":"Feature","id":400,"geometry":{"type":"Point","coordinates":[9.66914379966622,59.6388583721681]},"properties":{"OBJECTID":400,"Type":"ASVO benker med rygg","Materiale":"Tre","HC_vennlig":null,"Tas_inn_for_vinteren":null,"Merknader":null,"NummerplateId":null}},{"type":"Feature","id":401,"geometry":{"type":"Point","coordinates":[9.66120381744577,59.6570366169804]},"properties":{"OBJECTID":401,"Type":"Tømmerbenk","Materiale":"Tre","HC_vennlig":null,"Tas_inn_for_vinteren":null,"Merknader":null,"NummerplateId":null}},{"type":"Feature","id":402,"geometry":{"type":"Point","coordinates":[9.66113741731606,59.6569844166776]},"properties":{"OBJECTID":402,"Type":null,"Materiale":"Stein","HC_vennlig":null,"Tas_inn_for_vinteren":null,"Merknader":null,"NummerplateId":null}},{"type":"Feature","id":403,"geometry":{"type":"Point","coordinates":[9.66149051718157,59.6568555998739]},"properties":{"OBJECTID":403,"Type":"Tømmerbenk","Materiale":"Tre","HC_vennlig":null,"Tas_inn_for_vinteren":null,"Merknader":null,"NummerplateId":null}},{"type":"Feature","id":404,"geometry":{"type":"Point","coordinates":[9.66153263310864,59.6568308495824]},"properties":{"OBJECTID":404,"Type":"Tømmerbenk","Materiale":"Tre","HC_vennlig":null,"Tas_inn_for_vinteren":null,"Merknader":null,"NummerplateId":null}},{"type":"Feature","id":405,"geometry":{"type":"Point","coordinates":[9.66188686737962,59.6567303166563]},"properties":{"OBJECTID":405,"Type":"Tømmerbenk","Materiale":"Tre","HC_vennlig":null,"Tas_inn_for_vinteren":null,"Merknader":null,"NummerplateId":null}},{"type":"Feature","id":406,"geometry":{"type":"Point","coordinates":[9.66185184919867,59.6564580500737]},"properties":{"OBJECTID":406,"Type":"Tømmerbenk","Materiale":"Tre","HC_vennlig":null,"Tas_inn_for_vinteren":null,"Merknader":null,"NummerplateId":null}},{"type":"Feature","id":407,"geometry":{"type":"Point","coordinates":[9.66183256702182,59.656473533732]},"properties":{"OBJECTID":407,"Type":"Tømmerbenk","Materiale":"Tre","HC_vennlig":null,"Tas_inn_for_vinteren":null,"Merknader":null,"NummerplateId":null}},{"type":"Feature","id":408,"geometry":{"type":"Point","coordinates":[9.66158995023797,59.6565017335]},"properties":{"OBJECTID":408,"Type":"Tømmerbenk","Materiale":"Tre","HC_vennlig":null,"Tas_inn_for_vinteren":null,"Merknader":null,"NummerplateId":null}},{"type":"Feature","id":409,"geometry":{"type":"Point","coordinates":[9.66320165185091,59.6404205054123]},"properties":{"OBJECTID":409,"Type":"ASVO benker med rygg","Materiale":"Tre","HC_vennlig":null,"Tas_inn_for_vinteren":null,"Merknader":null,"NummerplateId":null}},{"type":"Feature","id":410,"geometry":{"type":"Point","coordinates":[9.66323680466025,59.6404367916651]},"properties":{"OBJECTID":410,"Type":"ASVO benker uten rygg","Materiale":"Tre","HC_vennlig":null,"Tas_inn_for_vinteren":null,"Merknader":null,"NummerplateId":null}},{"type":"Feature","id":411,"geometry":{"type":"Point","coordinates":[9.66300834461114,59.640408307292]},"properties":{"OBJECTID":411,"Type":"ASVO benker uten rygg","Materiale":"Tre","HC_vennlig":null,"Tas_inn_for_vinteren":null,"Merknader":null,"NummerplateId":null}},{"type":"Feature","id":412,"geometry":{"type":"Point","coordinates":[9.66317359818995,59.6404113654959]},"properties":{"OBJECTID":412,"Type":"ASVO benker med rygg","Materiale":"Tre","HC_vennlig":null,"Tas_inn_for_vinteren":null,"Merknader":null,"NummerplateId":null}},{"type":"Feature","id":413,"geometry":{"type":"Point","coordinates":[9.64368475062881,59.6800899336505]},"properties":{"OBJECTID":413,"Type":null,"Materiale":"Tre","HC_vennlig":null,"Tas_inn_for_vinteren":null,"Merknader":null,"NummerplateId":null}},{"type":"Feature","id":415,"geometry":{"type":"Point","coordinates":[9.62647248619509,59.6802685784684]},"properties":{"OBJECTID":415,"Type":"ASVO benker med rygg","Materiale":"Tre","HC_vennlig":null,"Tas_inn_for_vinteren":null,"Merknader":null,"NummerplateId":null}},{"type":"Feature","id":416,"geometry":{"type":"Point","coordinates":[9.62666370706512,59.680551233131]},"properties":{"OBJECTID":416,"Type":"ASVO benker med rygg","Materiale":"Tre","HC_vennlig":null,"Tas_inn_for_vinteren":null,"Merknader":null,"NummerplateId":null}},{"type":"Feature","id":418,"geometry":{"type":"Point","coordinates":[9.62537264214066,59.6807225963565]},"properties":{"OBJECTID":418,"Type":null,"Materiale":null,"HC_vennlig":null,"Tas_inn_for_vinteren":null,"Merknader":null,"NummerplateId":null}},{"type":"Feature","id":419,"geometry":{"type":"Point","coordinates":[9.62540140319996,59.6809735327943]},"properties":{"OBJECTID":419,"Type":"Gruppe med tak","Materiale":"Tre","HC_vennlig":null,"Tas_inn_for_vinteren":null,"Merknader":null,"NummerplateId":null}},{"type":"Feature","id":420,"geometry":{"type":"Point","coordinates":[9.62541841766952,59.6809932803765]},"properties":{"OBJECTID":420,"Type":"Gruppe med tak","Materiale":"Tre","HC_vennlig":null,"Tas_inn_for_vinteren":null,"Merknader":null,"NummerplateId":null}},{"type":"Feature","id":421,"geometry":{"type":"Point","coordinates":[9.62523291681886,59.6807718831469]},"properties":{"OBJECTID":421,"Type":"Gruppe med tak","Materiale":"Tre","HC_vennlig":null,"Tas_inn_for_vinteren":null,"Merknader":null,"NummerplateId":null}},{"type":"Feature","id":423,"geometry":{"type":"Point","coordinates":[9.62456982640397,59.6805494455884]},"properties":{"OBJECTID":423,"Type":"ASVO benker med rygg","Materiale":"Tre","HC_vennlig":null,"Tas_inn_for_vinteren":null,"Merknader":null,"NummerplateId":null}},{"type":"Feature","id":424,"geometry":{"type":"Point","coordinates":[9.62426185711099,59.681277206469]},"properties":{"OBJECTID":424,"Type":null,"Materiale":null,"HC_vennlig":null,"Tas_inn_for_vinteren":null,"Merknader":null,"NummerplateId":null}},{"type":"Feature","id":425,"geometry":{"type":"Point","coordinates":[9.62420011940524,59.6812862259206]},"properties":{"OBJECTID":425,"Type":null,"Materiale":null,"HC_vennlig":null,"Tas_inn_for_vinteren":null,"Merknader":null,"NummerplateId":null}},{"type":"Feature","id":426,"geometry":{"type":"Point","coordinates":[9.62686593377293,59.6811884169093]},"properties":{"OBJECTID":426,"Type":null,"Materiale":"Tre","HC_vennlig":null,"Tas_inn_for_vinteren":null,"Merknader":null,"NummerplateId":null}},{"type":"Feature","id":427,"geometry":{"type":"Point","coordinates":[9.6265861839915,59.681282283155]},"properties":{"OBJECTID":427,"Type":null,"Materiale":"Tre","HC_vennlig":null,"Tas_inn_for_vinteren":null,"Merknader":null,"NummerplateId":null}},{"type":"Feature","id":428,"geometry":{"type":"Point","coordinates":[9.64866666619807,59.6287733336351]},"properties":{"OBJECTID":428,"Type":"Champetre","Materiale":"Tre","HC_vennlig":null,"Tas_inn_for_vinteren":null,"Merknader":null,"NummerplateId":null}},{"type":"Feature","id":429,"geometry":{"type":"Point","coordinates":[9.64867159815567,59.6287854323078]},"properties":{"OBJECTID":429,"Type":"Champetre","Materiale":"Tre","HC_vennlig":null,"Tas_inn_for_vinteren":null,"Merknader":null,"NummerplateId":null}},{"type":"Feature","id":430,"geometry":{"type":"Point","coordinates":[9.64867579122579,59.628807576132]},"properties":{"OBJECTID":430,"Type":"Champetre forlenget","Materiale":"Tre","HC_vennlig":null,"Tas_inn_for_vinteren":null,"Merknader":null,"NummerplateId":null}},{"type":"Feature","id":431,"geometry":{"type":"Point","coordinates":[9.64865662328169,59.6289108508794]},"properties":{"OBJECTID":431,"Type":"Champetre forlenget","Materiale":"Tre","HC_vennlig":null,"Tas_inn_for_vinteren":null,"Merknader":null,"NummerplateId":null}},{"type":"Feature","id":432,"geometry":{"type":"Point","coordinates":[9.64866999982453,59.6290200001133]},"properties":{"OBJECTID":432,"Type":"Gruppe med tak","Materiale":"Tre","HC_vennlig":null,"Tas_inn_for_vinteren":null,"Merknader":null,"NummerplateId":null}},{"type":"Feature","id":433,"geometry":{"type":"Point","coordinates":[9.64868264629895,59.6291709955144]},"properties":{"OBJECTID":433,"Type":"Gruppe med tak","Materiale":"Tre","HC_vennlig":null,"Tas_inn_for_vinteren":null,"Merknader":null,"NummerplateId":null}},{"type":"Feature","id":434,"geometry":{"type":"Point","coordinates":[9.64868070123175,59.6292013325731]},"properties":{"OBJECTID":434,"Type":"Gruppe med tak","Materiale":"Tre","HC_vennlig":null,"Tas_inn_for_vinteren":null,"Merknader":null,"NummerplateId":null}},{"type":"Feature","id":435,"geometry":{"type":"Point","coordinates":[9.64869115812001,59.6292991966443]},"properties":{"OBJECTID":435,"Type":"Gruppe med tak","Materiale":"Tre","HC_vennlig":null,"Tas_inn_for_vinteren":null,"Merknader":null,"NummerplateId":null}},{"type":"Feature","id":436,"geometry":{"type":"Point","coordinates":[9.64869038516008,59.6293350542283]},"properties":{"OBJECTID":436,"Type":"Gruppe med tak","Materiale":"Tre","HC_vennlig":null,"Tas_inn_for_vinteren":null,"Merknader":null,"NummerplateId":null}},{"type":"Feature","id":437,"geometry":{"type":"Point","coordinates":[9.64867833284893,59.6294666662428]},"properties":{"OBJECTID":437,"Type":"Gruppe med tak","Materiale":"Tre","HC_vennlig":null,"Tas_inn_for_vinteren":null,"Merknader":null,"NummerplateId":null}},{"type":"Feature","id":438,"geometry":{"type":"Point","coordinates":[9.64680666708217,59.6285249996206]},"properties":{"OBJECTID":438,"Type":"Gruppe med tak","Materiale":"Tre","HC_vennlig":null,"Tas_inn_for_vinteren":null,"Merknader":null,"NummerplateId":null}},{"type":"Feature","id":439,"geometry":{"type":"Point","coordinates":[9.64711333418461,59.6286100002649]},"properties":{"OBJECTID":439,"Type":"Gruppe med tak","Materiale":"Tre","HC_vennlig":null,"Tas_inn_for_vinteren":null,"Merknader":null,"NummerplateId":null}},{"type":"Feature","id":440,"geometry":{"type":"Point","coordinates":[9.64771166713239,59.6288566670856]},"properties":{"OBJECTID":440,"Type":"Gruppe med tak","Materiale":"Tre","HC_vennlig":null,"Tas_inn_for_vinteren":null,"Merknader":null,"NummerplateId":null}},{"type":"Feature","id":441,"geometry":{"type":"Point","coordinates":[9.64787166675525,59.6289183337579]},"properties":{"OBJECTID":441,"Type":"Gruppe med tak","Materiale":"Tre","HC_vennlig":null,"Tas_inn_for_vinteren":null,"Merknader":null,"NummerplateId":null}},{"type":"Feature","id":442,"geometry":{"type":"Point","coordinates":[9.65245405356267,59.6290061879983]},"properties":{"OBJECTID":442,"Type":"Gruppe med tak","Materiale":"Tre","HC_vennlig":null,"Tas_inn_for_vinteren":null,"Merknader":null,"NummerplateId":null}},{"type":"Feature","id":443,"geometry":{"type":"Point","coordinates":[9.65245592318139,59.6289653742149]},"properties":{"OBJECTID":443,"Type":"Gruppe med tak","Materiale":"Tre","HC_vennlig":null,"Tas_inn_for_vinteren":null,"Merknader":null,"NummerplateId":null}},{"type":"Feature","id":444,"geometry":{"type":"Point","coordinates":[9.65245640434667,59.6289346986404]},"properties":{"OBJECTID":444,"Type":"Gruppe med tak","Materiale":"Tre","HC_vennlig":null,"Tas_inn_for_vinteren":null,"Merknader":null,"NummerplateId":null}},{"type":"Feature","id":445,"geometry":{"type":"Point","coordinates":[9.65214653096993,59.6283761262664]},"properties":{"OBJECTID":445,"Type":"Gruppe med tak","Materiale":"Tre","HC_vennlig":null,"Tas_inn_for_vinteren":null,"Merknader":null,"NummerplateId":null}},{"type":"Feature","id":446,"geometry":{"type":"Point","coordinates":[9.6518149764057,59.628379542229]},"properties":{"OBJECTID":446,"Type":"Gruppe med tak","Materiale":"Tre","HC_vennlig":null,"Tas_inn_for_vinteren":null,"Merknader":null,"NummerplateId":null}},{"type":"Feature","id":447,"geometry":{"type":"Point","coordinates":[9.65144279405852,59.6283808396693]},"properties":{"OBJECTID":447,"Type":"Gruppe med tak","Materiale":"Tre","HC_vennlig":null,"Tas_inn_for_vinteren":null,"Merknader":null,"NummerplateId":null}},{"type":"Feature","id":448,"geometry":{"type":"Point","coordinates":[9.65108208041806,59.6283871187106]},"properties":{"OBJECTID":448,"Type":"Gruppe med tak","Materiale":"Tre","HC_vennlig":null,"Tas_inn_for_vinteren":null,"Merknader":null,"NummerplateId":null}},{"type":"Feature","id":451,"geometry":{"type":"Point","coordinates":[9.65075665977767,59.6283817971682]},"properties":{"OBJECTID":451,"Type":"Gruppe med tak","Materiale":"Tre","HC_vennlig":null,"Tas_inn_for_vinteren":null,"Merknader":null,"NummerplateId":null}},{"type":"Feature","id":452,"geometry":{"type":"Point","coordinates":[9.65040239174874,59.6283825205114]},"properties":{"OBJECTID":452,"Type":"Gruppe med tak","Materiale":"Tre","HC_vennlig":null,"Tas_inn_for_vinteren":null,"Merknader":null,"NummerplateId":null}},{"type":"Feature","id":453,"geometry":{"type":"Point","coordinates":[9.64942871408362,59.6285354252902]},"properties":{"OBJECTID":453,"Type":"Champetre","Materiale":"Tre","HC_vennlig":null,"Tas_inn_for_vinteren":null,"Merknader":null,"NummerplateId":null}},{"type":"Feature","id":454,"geometry":{"type":"Point","coordinates":[9.64952661446575,59.628327733655]},"properties":{"OBJECTID":454,"Type":"Champetre forlenget","Materiale":"Tre","HC_vennlig":null,"Tas_inn_for_vinteren":null,"Merknader":null,"NummerplateId":null}},{"type":"Feature","id":455,"geometry":{"type":"Point","coordinates":[9.65472630767765,59.6717622056535]},"properties":{"OBJECTID":455,"Type":"Oslobenker","Materiale":"Tre","HC_vennlig":null,"Tas_inn_for_vinteren":null,"Merknader":null,"NummerplateId":null}},{"type":"Feature","id":456,"geometry":{"type":"Point","coordinates":[9.65477293376772,59.6717453007458]},"properties":{"OBJECTID":456,"Type":"Oslobenker","Materiale":"Tre","HC_vennlig":null,"Tas_inn_for_vinteren":null,"Merknader":null,"NummerplateId":null}},{"type":"Feature","id":457,"geometry":{"type":"Point","coordinates":[9.62824878372105,59.6819111083686]},"properties":{"OBJECTID":457,"Type":"ASVO benker med rygg","Materiale":"Tre","HC_vennlig":null,"Tas_inn_for_vinteren":null,"Merknader":null,"NummerplateId":null}},{"type":"Feature","id":458,"geometry":{"type":"Point","coordinates":[9.62816543964004,59.6817765159628]},"properties":{"OBJECTID":458,"Type":"ASVO benker med rygg","Materiale":"Tre","HC_vennlig":null,"Tas_inn_for_vinteren":null,"Merknader":null,"NummerplateId":null}},{"type":"Feature","id":459,"geometry":{"type":"Point","coordinates":[9.62818389508992,59.681789268984]},"properties":{"OBJECTID":459,"Type":"ASVO benker med rygg","Materiale":"Tre","HC_vennlig":null,"Tas_inn_for_vinteren":null,"Merknader":null,"NummerplateId":null}},{"type":"Feature","id":460,"geometry":{"type":"Point","coordinates":[9.62863439419558,59.6817168007747]},"properties":{"OBJECTID":460,"Type":"ASVO benker med rygg","Materiale":"Tre","HC_vennlig":null,"Tas_inn_for_vinteren":null,"Merknader":null,"NummerplateId":null}},{"type":"Feature","id":461,"geometry":{"type":"Point","coordinates":[9.62906468244378,59.6817232683801]},"properties":{"OBJECTID":461,"Type":null,"Materiale":"Tre","HC_vennlig":null,"Tas_inn_for_vinteren":null,"Merknader":null,"NummerplateId":null}},{"type":"Feature","id":462,"geometry":{"type":"Point","coordinates":[9.62946294713021,59.6817829624459]},"properties":{"OBJECTID":462,"Type":"ASVO benker med rygg","Materiale":"Tre","HC_vennlig":null,"Tas_inn_for_vinteren":null,"Merknader":null,"NummerplateId":null}},{"type":"Feature","id":463,"geometry":{"type":"Point","coordinates":[9.6294219157999,59.6817316330753]},"properties":{"OBJECTID":463,"Type":"ASVO benker med rygg","Materiale":"Tre","HC_vennlig":null,"Tas_inn_for_vinteren":null,"Merknader":null,"NummerplateId":null}},{"type":"Feature","id":464,"geometry":{"type":"Point","coordinates":[9.62934747257434,59.6816745613725]},"properties":{"OBJECTID":464,"Type":"ASVO benker med rygg","Materiale":"Tre","HC_vennlig":null,"Tas_inn_for_vinteren":null,"Merknader":null,"NummerplateId":null}},{"type":"Feature","id":465,"geometry":{"type":"Point","coordinates":[9.64074379417792,59.6683819118224]},"properties":{"OBJECTID":465,"Type":"ASVO benker med rygg","Materiale":"Tre","HC_vennlig":null,"Tas_inn_for_vinteren":null,"Merknader":null,"NummerplateId":null}},{"type":"Feature","id":466,"geometry":{"type":"Point","coordinates":[9.64125708175543,59.6686671431544]},"properties":{"OBJECTID":466,"Type":"ASVO benker med rygg","Materiale":"Tre","HC_vennlig":null,"Tas_inn_for_vinteren":null,"Merknader":null,"NummerplateId":null}},{"type":"Feature","id":467,"geometry":{"type":"Point","coordinates":[9.64128803385614,59.6686538667323]},"properties":{"OBJECTID":467,"Type":"ASVO benker med rygg","Materiale":"Tre","HC_vennlig":null,"Tas_inn_for_vinteren":null,"Merknader":null,"NummerplateId":null}},{"type":"Feature","id":468,"geometry":{"type":"Point","coordinates":[9.64146395053408,59.6685744831259]},"properties":{"OBJECTID":468,"Type":"ASVO benker med rygg","Materiale":"Tre","HC_vennlig":null,"Tas_inn_for_vinteren":null,"Merknader":null,"NummerplateId":null}},{"type":"Feature","id":469,"geometry":{"type":"Point","coordinates":[9.64147785016361,59.6684471830376]},"properties":{"OBJECTID":469,"Type":null,"Materiale":"Stein","HC_vennlig":null,"Tas_inn_for_vinteren":null,"Merknader":null,"NummerplateId":null}},{"type":"Feature","id":470,"geometry":{"type":"Point","coordinates":[9.6415115796311,59.6684085155219]},"properties":{"OBJECTID":470,"Type":null,"Materiale":"Stein","HC_vennlig":null,"Tas_inn_for_vinteren":null,"Merknader":null,"NummerplateId":null}},{"type":"Feature","id":471,"geometry":{"type":"Point","coordinates":[9.64154692034471,59.6683621092429]},"properties":{"OBJECTID":471,"Type":null,"Materiale":"Stein","HC_vennlig":null,"Tas_inn_for_vinteren":null,"Merknader":null,"NummerplateId":null}},{"type":"Feature","id":472,"geometry":{"type":"Point","coordinates":[9.64158009389841,59.6683134936954]},"properties":{"OBJECTID":472,"Type":null,"Materiale":"Stein","HC_vennlig":null,"Tas_inn_for_vinteren":null,"Merknader":null,"NummerplateId":null}},{"type":"Feature","id":473,"geometry":{"type":"Point","coordinates":[9.68763967533592,59.6876357128625]},"properties":{"OBJECTID":473,"Type":"Steingrupper","Materiale":"Stein","HC_vennlig":"Nei","Tas_inn_for_vinteren":"Nei","Merknader":null,"NummerplateId":null}},{"type":"Feature","id":474,"geometry":{"type":"Point","coordinates":[9.6411958001514,59.6684180331866]},"properties":{"OBJECTID":474,"Type":null,"Materiale":"Stein","HC_vennlig":null,"Tas_inn_for_vinteren":null,"Merknader":null,"NummerplateId":null}},{"type":"Feature","id":475,"geometry":{"type":"Point","coordinates":[9.64039898314591,59.6543816164209]},"properties":{"OBJECTID":475,"Type":"ASVO benker med rygg","Materiale":"Tre","HC_vennlig":null,"Tas_inn_for_vinteren":null,"Merknader":null,"NummerplateId":null}},{"type":"Feature","id":476,"geometry":{"type":"Point","coordinates":[9.64048366586389,59.6543891000154]},"properties":{"OBJECTID":476,"Type":"ASVO benker med rygg","Materiale":"Tre","HC_vennlig":null,"Tas_inn_for_vinteren":null,"Merknader":null,"NummerplateId":null}},{"type":"Feature","id":477,"geometry":{"type":"Point","coordinates":[9.63897225489417,59.6542545173108]},"properties":{"OBJECTID":477,"Type":"ASVO benker med rygg","Materiale":"Tre","HC_vennlig":null,"Tas_inn_for_vinteren":null,"Merknader":null,"NummerplateId":null}},{"type":"Feature","id":478,"geometry":{"type":"Point","coordinates":[9.63969699332564,59.6538279889211]},"properties":{"OBJECTID":478,"Type":"Steingrupper","Materiale":"Stein","HC_vennlig":null,"Tas_inn_for_vinteren":null,"Merknader":null,"NummerplateId":null}},{"type":"Feature","id":479,"geometry":{"type":"Point","coordinates":[9.63956800010923,59.6537758306843]},"properties":{"OBJECTID":479,"Type":"Steingrupper","Materiale":"Stein","HC_vennlig":null,"Tas_inn_for_vinteren":null,"Merknader":null,"NummerplateId":null}},{"type":"Feature","id":480,"geometry":{"type":"Point","coordinates":[9.63960133284692,59.653741116673]},"properties":{"OBJECTID":480,"Type":"ASVO benker med rygg","Materiale":"Tre","HC_vennlig":null,"Tas_inn_for_vinteren":null,"Merknader":null,"NummerplateId":null}},{"type":"Feature","id":481,"geometry":{"type":"Point","coordinates":[9.63941398273844,59.654048766551]},"properties":{"OBJECTID":481,"Type":"ASVO benker med rygg","Materiale":"Tre","HC_vennlig":null,"Tas_inn_for_vinteren":null,"Merknader":null,"NummerplateId":null}},{"type":"Feature","id":482,"geometry":{"type":"Point","coordinates":[9.63951719986933,59.6540068502821]},"properties":{"OBJECTID":482,"Type":"ASVO benker med rygg","Materiale":"Tre","HC_vennlig":null,"Tas_inn_for_vinteren":null,"Merknader":null,"NummerplateId":null}},{"type":"Feature","id":483,"geometry":{"type":"Point","coordinates":[9.64004621167771,59.6533481213911]},"properties":{"OBJECTID":483,"Type":"ASVO benker med rygg","Materiale":"Tre","HC_vennlig":null,"Tas_inn_for_vinteren":null,"Merknader":null,"NummerplateId":null}},{"type":"Feature","id":484,"geometry":{"type":"Point","coordinates":[9.6396834256844,59.6528698608026]},"properties":{"OBJECTID":484,"Type":"ASVO benker med rygg","Materiale":"Tre","HC_vennlig":null,"Tas_inn_for_vinteren":null,"Merknader":null,"NummerplateId":null}},{"type":"Feature","id":485,"geometry":{"type":"Point","coordinates":[9.63964327502283,59.6528708288701]},"properties":{"OBJECTID":485,"Type":"ASVO benker med rygg","Materiale":"Tre","HC_vennlig":null,"Tas_inn_for_vinteren":null,"Merknader":null,"NummerplateId":null}},{"type":"Feature","id":486,"geometry":{"type":"Point","coordinates":[9.63852833415822,59.6534216662504]},"properties":{"OBJECTID":486,"Type":null,"Materiale":"Tre","HC_vennlig":null,"Tas_inn_for_vinteren":null,"Merknader":"Litt ødelagt","NummerplateId":null}},{"type":"Feature","id":487,"geometry":{"type":"Point","coordinates":[9.64121512038039,59.6682519741301]},"properties":{"OBJECTID":487,"Type":null,"Materiale":"Stein","HC_vennlig":null,"Tas_inn_for_vinteren":null,"Merknader":null,"NummerplateId":null}},{"type":"Feature","id":488,"geometry":{"type":"Point","coordinates":[9.64154301417872,59.6678588373903]},"properties":{"OBJECTID":488,"Type":null,"Materiale":"Stein","HC_vennlig":null,"Tas_inn_for_vinteren":null,"Merknader":null,"NummerplateId":null}},{"type":"Feature","id":489,"geometry":{"type":"Point","coordinates":[9.64130005729915,59.6686204176629]},"properties":{"OBJECTID":489,"Type":null,"Materiale":"Stein","HC_vennlig":null,"Tas_inn_for_vinteren":null,"Merknader":null,"NummerplateId":null}},{"type":"Feature","id":490,"geometry":{"type":"Point","coordinates":[9.64170073281247,59.6679892001414]},"properties":{"OBJECTID":490,"Type":null,"Materiale":"Stein","HC_vennlig":null,"Tas_inn_for_vinteren":null,"Merknader":null,"NummerplateId":null}},{"type":"Feature","id":491,"geometry":{"type":"Point","coordinates":[9.64177228468705,59.6679341162426]},"properties":{"OBJECTID":491,"Type":"ASVO benker med rygg","Materiale":"Tre","HC_vennlig":null,"Tas_inn_for_vinteren":null,"Merknader":null,"NummerplateId":null}},{"type":"Feature","id":492,"geometry":{"type":"Point","coordinates":[9.65463953756602,59.677124935871]},"properties":{"OBJECTID":492,"Type":null,"Materiale":null,"HC_vennlig":null,"Tas_inn_for_vinteren":null,"Merknader":null,"NummerplateId":null}},{"type":"Feature","id":493,"geometry":{"type":"Point","coordinates":[9.65491728076559,59.6771547646271]},"properties":{"OBJECTID":493,"Type":null,"Materiale":null,"HC_vennlig":null,"Tas_inn_for_vinteren":null,"Merknader":null,"NummerplateId":null}},{"type":"Feature","id":494,"geometry":{"type":"Point","coordinates":[9.65615654323049,59.6752217432048]},"properties":{"OBJECTID":494,"Type":"ASVO benker med rygg","Materiale":"Tre","HC_vennlig":null,"Tas_inn_for_vinteren":null,"Merknader":null,"NummerplateId":null}},{"type":"Feature","id":496,"geometry":{"type":"Point","coordinates":[9.65563101241701,59.6750894910666]},"properties":{"OBJECTID":496,"Type":"ASVO benker med rygg","Materiale":"Tre","HC_vennlig":null,"Tas_inn_for_vinteren":null,"Merknader":null,"NummerplateId":null}},{"type":"Feature","id":497,"geometry":{"type":"Point","coordinates":[9.6555441303314,59.6751532619015]},"properties":{"OBJECTID":497,"Type":"ASVO benker med rygg","Materiale":"Tre","HC_vennlig":null,"Tas_inn_for_vinteren":null,"Merknader":null,"NummerplateId":null}},{"type":"Feature","id":498,"geometry":{"type":"Point","coordinates":[9.6565406595009,59.6746319681206]},"properties":{"OBJECTID":498,"Type":"ASVO benker med rygg","Materiale":"Tre","HC_vennlig":null,"Tas_inn_for_vinteren":null,"Merknader":null,"NummerplateId":null}},{"type":"Feature","id":499,"geometry":{"type":"Point","coordinates":[9.65610534993112,59.6745544836123]},"properties":{"OBJECTID":499,"Type":"ASVO benker med rygg","Materiale":"Tre","HC_vennlig":null,"Tas_inn_for_vinteren":null,"Merknader":null,"NummerplateId":null}},{"type":"Feature","id":500,"geometry":{"type":"Point","coordinates":[9.65617055827218,59.674569213451]},"properties":{"OBJECTID":500,"Type":"ASVO benker med rygg","Materiale":"Tre","HC_vennlig":null,"Tas_inn_for_vinteren":null,"Merknader":null,"NummerplateId":null}},{"type":"Feature","id":501,"geometry":{"type":"Point","coordinates":[9.65598138853895,59.6767375989155]},"properties":{"OBJECTID":501,"Type":null,"Materiale":null,"HC_vennlig":null,"Tas_inn_for_vinteren":null,"Merknader":null,"NummerplateId":null}},{"type":"Feature","id":502,"geometry":{"type":"Point","coordinates":[9.65586358301765,59.6767288709512]},"properties":{"OBJECTID":502,"Type":null,"Materiale":null,"HC_vennlig":null,"Tas_inn_for_vinteren":null,"Merknader":null,"NummerplateId":null}},{"type":"Feature","id":503,"geometry":{"type":"Point","coordinates":[9.655619999918,59.6767183332072]},"properties":{"OBJECTID":503,"Type":null,"Materiale":null,"HC_vennlig":null,"Tas_inn_for_vinteren":null,"Merknader":null,"NummerplateId":null}},{"type":"Feature","id":504,"geometry":{"type":"Point","coordinates":[9.65581943641999,59.6766772500546]},"properties":{"OBJECTID":504,"Type":null,"Materiale":null,"HC_vennlig":null,"Tas_inn_for_vinteren":null,"Merknader":null,"NummerplateId":null}},{"type":"Feature","id":505,"geometry":{"type":"Point","coordinates":[9.65588170693423,59.6766749120817]},"properties":{"OBJECTID":505,"Type":null,"Materiale":null,"HC_vennlig":null,"Tas_inn_for_vinteren":null,"Merknader":null,"NummerplateId":null}},{"type":"Feature","id":506,"geometry":{"type":"Point","coordinates":[9.65529421346429,59.6767617927059]},"properties":{"OBJECTID":506,"Type":null,"Materiale":null,"HC_vennlig":null,"Tas_inn_for_vinteren":null,"Merknader":null,"NummerplateId":null}},{"type":"Feature","id":507,"geometry":{"type":"Point","coordinates":[9.65529772597019,59.6767924642978]},"properties":{"OBJECTID":507,"Type":null,"Materiale":null,"HC_vennlig":null,"Tas_inn_for_vinteren":null,"Merknader":null,"NummerplateId":null}},{"type":"Feature","id":508,"geometry":{"type":"Point","coordinates":[9.65526934605274,59.6768172695533]},"properties":{"OBJECTID":508,"Type":null,"Materiale":null,"HC_vennlig":null,"Tas_inn_for_vinteren":null,"Merknader":null,"NummerplateId":null}},{"type":"Feature","id":509,"geometry":{"type":"Point","coordinates":[9.65526309584964,59.6768460996009]},"properties":{"OBJECTID":509,"Type":null,"Materiale":null,"HC_vennlig":null,"Tas_inn_for_vinteren":null,"Merknader":null,"NummerplateId":null}},{"type":"Feature","id":510,"geometry":{"type":"Point","coordinates":[9.65528646784416,59.6768611860356]},"properties":{"OBJECTID":510,"Type":null,"Materiale":null,"HC_vennlig":null,"Tas_inn_for_vinteren":null,"Merknader":null,"NummerplateId":null}},{"type":"Feature","id":511,"geometry":{"type":"Point","coordinates":[9.65528477985704,59.6768886867156]},"properties":{"OBJECTID":511,"Type":null,"Materiale":null,"HC_vennlig":null,"Tas_inn_for_vinteren":null,"Merknader":null,"NummerplateId":null}},{"type":"Feature","id":512,"geometry":{"type":"Point","coordinates":[9.65520764787204,59.6766875661353]},"properties":{"OBJECTID":512,"Type":null,"Materiale":null,"HC_vennlig":null,"Tas_inn_for_vinteren":null,"Merknader":null,"NummerplateId":null}},{"type":"Feature","id":513,"geometry":{"type":"Point","coordinates":[9.65486138259292,59.6766827524677]},"properties":{"OBJECTID":513,"Type":null,"Materiale":null,"HC_vennlig":null,"Tas_inn_for_vinteren":null,"Merknader":null,"NummerplateId":null}},{"type":"Feature","id":514,"geometry":{"type":"Point","coordinates":[9.65478169699142,59.6766768981886]},"properties":{"OBJECTID":514,"Type":null,"Materiale":null,"HC_vennlig":null,"Tas_inn_for_vinteren":null,"Merknader":null,"NummerplateId":null}},{"type":"Feature","id":515,"geometry":{"type":"Point","coordinates":[9.65493223596968,59.6766265164]},"properties":{"OBJECTID":515,"Type":null,"Materiale":null,"HC_vennlig":null,"Tas_inn_for_vinteren":null,"Merknader":null,"NummerplateId":null}},{"type":"Feature","id":516,"geometry":{"type":"Point","coordinates":[9.65501394096118,59.6766308563597]},"properties":{"OBJECTID":516,"Type":null,"Materiale":null,"HC_vennlig":null,"Tas_inn_for_vinteren":null,"Merknader":null,"NummerplateId":null}},{"type":"Feature","id":517,"geometry":{"type":"Point","coordinates":[9.64675562768016,59.6664241822797]},"properties":{"OBJECTID":517,"Type":null,"Materiale":null,"HC_vennlig":null,"Tas_inn_for_vinteren":null,"Merknader":null,"NummerplateId":null}},{"type":"Feature","id":518,"geometry":{"type":"Point","coordinates":[9.68452841975735,59.6906333434917]},"properties":{"OBJECTID":518,"Type":"Tømmerbenk","Materiale":"Tre","HC_vennlig":null,"Tas_inn_for_vinteren":null,"Merknader":null,"NummerplateId":null}},{"type":"Feature","id":519,"geometry":{"type":"Point","coordinates":[9.65548167890005,59.6761304402467]},"properties":{"OBJECTID":519,"Type":null,"Materiale":null,"HC_vennlig":null,"Tas_inn_for_vinteren":null,"Merknader":null,"NummerplateId":null}},{"type":"Feature","id":520,"geometry":{"type":"Point","coordinates":[9.66227243288501,59.6514223334332]},"properties":{"OBJECTID":520,"Type":"Aubade","Materiale":"Tre","HC_vennlig":null,"Tas_inn_for_vinteren":null,"Merknader":null,"NummerplateId":null}},{"type":"Feature","id":521,"geometry":{"type":"Point","coordinates":[9.66220738345277,59.6513982163884]},"properties":{"OBJECTID":521,"Type":"Tømmerbenk","Materiale":"Tre","HC_vennlig":null,"Tas_inn_for_vinteren":null,"Merknader":null,"NummerplateId":null}},{"type":"Feature","id":522,"geometry":{"type":"Point","coordinates":[9.66257313382162,59.6515024829381]},"properties":{"OBJECTID":522,"Type":"Tømmerbenk","Materiale":"Tre","HC_vennlig":null,"Tas_inn_for_vinteren":null,"Merknader":null,"NummerplateId":null}},{"type":"Feature","id":523,"geometry":{"type":"Point","coordinates":[9.65015593280895,59.6831481330535]},"properties":{"OBJECTID":523,"Type":"ASVO benker med rygg","Materiale":"Tre","HC_vennlig":null,"Tas_inn_for_vinteren":null,"Merknader":null,"NummerplateId":null}},{"type":"Feature","id":524,"geometry":{"type":"Point","coordinates":[9.65058404950051,59.6832991662308]},"properties":{"OBJECTID":524,"Type":null,"Materiale":null,"HC_vennlig":null,"Tas_inn_for_vinteren":null,"Merknader":null,"NummerplateId":null}},{"type":"Feature","id":525,"geometry":{"type":"Point","coordinates":[9.67425783671747,59.6682526650691]},"properties":{"OBJECTID":525,"Type":"ASVO benker uten rygg","Materiale":"Tre","HC_vennlig":null,"Tas_inn_for_vinteren":null,"Merknader":null,"NummerplateId":null}},{"type":"Feature","id":526,"geometry":{"type":"Point","coordinates":[9.67442550770367,59.6682379517023]},"properties":{"OBJECTID":526,"Type":"ASVO benker uten rygg","Materiale":"Tre","HC_vennlig":null,"Tas_inn_for_vinteren":null,"Merknader":null,"NummerplateId":null}},{"type":"Feature","id":527,"geometry":{"type":"Point","coordinates":[9.67462236580839,59.6684040337313]},"properties":{"OBJECTID":527,"Type":"Tømmerbenk","Materiale":"Tre","HC_vennlig":null,"Tas_inn_for_vinteren":null,"Merknader":null,"NummerplateId":null}},{"type":"Feature","id":528,"geometry":{"type":"Point","coordinates":[9.67456313389926,59.6684417562024]},"properties":{"OBJECTID":528,"Type":"Tømmerbenk","Materiale":"Tre","HC_vennlig":null,"Tas_inn_for_vinteren":null,"Merknader":null,"NummerplateId":null}},{"type":"Feature","id":529,"geometry":{"type":"Point","coordinates":[9.67314889125253,59.6689615096042]},"properties":{"OBJECTID":529,"Type":null,"Materiale":"Tre","HC_vennlig":null,"Tas_inn_for_vinteren":null,"Merknader":null,"NummerplateId":null}},{"type":"Feature","id":530,"geometry":{"type":"Point","coordinates":[9.67323541591676,59.6689463815777]},"properties":{"OBJECTID":530,"Type":null,"Materiale":"Tre","HC_vennlig":null,"Tas_inn_for_vinteren":null,"Merknader":null,"NummerplateId":null}},{"type":"Feature","id":531,"geometry":{"type":"Point","coordinates":[9.67391635919548,59.6697814988679]},"properties":{"OBJECTID":531,"Type":null,"Materiale":null,"HC_vennlig":null,"Tas_inn_for_vinteren":null,"Merknader":null,"NummerplateId":null}},{"type":"Feature","id":532,"geometry":{"type":"Point","coordinates":[9.67401220914957,59.6687114833663]},"properties":{"OBJECTID":532,"Type":null,"Materiale":"Tre","HC_vennlig":null,"Tas_inn_for_vinteren":null,"Merknader":null,"NummerplateId":null}},{"type":"Feature","id":533,"geometry":{"type":"Point","coordinates":[9.67401061384036,59.6688858243142]},"properties":{"OBJECTID":533,"Type":"ASVO benker uten rygg","Materiale":"Tre","HC_vennlig":null,"Tas_inn_for_vinteren":null,"Merknader":null,"NummerplateId":null}},{"type":"Feature","id":534,"geometry":{"type":"Point","coordinates":[9.6739284495411,59.6688222331424]},"properties":{"OBJECTID":534,"Type":"ASVO benker uten rygg","Materiale":"Tre","HC_vennlig":null,"Tas_inn_for_vinteren":null,"Merknader":null,"NummerplateId":null}},{"type":"Feature","id":535,"geometry":{"type":"Point","coordinates":[9.67383466722574,59.6688201330106]},"properties":{"OBJECTID":535,"Type":null,"Materiale":"Tre","HC_vennlig":null,"Tas_inn_for_vinteren":null,"Merknader":null,"NummerplateId":null}},{"type":"Feature","id":536,"geometry":{"type":"Point","coordinates":[9.67383100319748,59.6687941223357]},"properties":{"OBJECTID":536,"Type":null,"Materiale":"Tre","HC_vennlig":null,"Tas_inn_for_vinteren":null,"Merknader":null,"NummerplateId":null}},{"type":"Feature","id":537,"geometry":{"type":"Point","coordinates":[9.65754475147291,59.6584443844571]},"properties":{"OBJECTID":537,"Type":"Champetre forlenget","Materiale":"Tre","HC_vennlig":null,"Tas_inn_for_vinteren":null,"Merknader":null,"NummerplateId":null}},{"type":"Feature","id":538,"geometry":{"type":"Point","coordinates":[9.65707179755138,59.6587387403475]},"properties":{"OBJECTID":538,"Type":null,"Materiale":"Tre","HC_vennlig":null,"Tas_inn_for_vinteren":null,"Merknader":null,"NummerplateId":null}},{"type":"Feature","id":539,"geometry":{"type":"Point","coordinates":[9.657420428078,59.6587653922077]},"properties":{"OBJECTID":539,"Type":null,"Materiale":"Tre","HC_vennlig":null,"Tas_inn_for_vinteren":null,"Merknader":null,"NummerplateId":null}},{"type":"Feature","id":540,"geometry":{"type":"Point","coordinates":[9.65725428044895,59.6589015392217]},"properties":{"OBJECTID":540,"Type":null,"Materiale":"Tre","HC_vennlig":null,"Tas_inn_for_vinteren":null,"Merknader":null,"NummerplateId":null}},{"type":"Feature","id":541,"geometry":{"type":"Point","coordinates":[9.6573492093748,59.6589679728445]},"properties":{"OBJECTID":541,"Type":null,"Materiale":"Tre","HC_vennlig":null,"Tas_inn_for_vinteren":null,"Merknader":null,"NummerplateId":null}},{"type":"Feature","id":542,"geometry":{"type":"Point","coordinates":[9.65739349299559,59.6590393720021]},"properties":{"OBJECTID":542,"Type":null,"Materiale":"Tre","HC_vennlig":null,"Tas_inn_for_vinteren":null,"Merknader":null,"NummerplateId":null}},{"type":"Feature","id":543,"geometry":{"type":"Point","coordinates":[9.65744545847412,59.658997835835]},"properties":{"OBJECTID":543,"Type":null,"Materiale":"Tre","HC_vennlig":null,"Tas_inn_for_vinteren":null,"Merknader":"4stk ca. 3meter hver. en ødelagt","NummerplateId":null}},{"type":"Feature","id":544,"geometry":{"type":"Point","coordinates":[9.65738241490225,59.6591390006693]},"properties":{"OBJECTID":544,"Type":null,"Materiale":"Tre","HC_vennlig":null,"Tas_inn_for_vinteren":null,"Merknader":null,"NummerplateId":null}},{"type":"Feature","id":545,"geometry":{"type":"Point","coordinates":[9.65741085030763,59.6592049223943]},"properties":{"OBJECTID":545,"Type":null,"Materiale":null,"HC_vennlig":null,"Tas_inn_for_vinteren":null,"Merknader":null,"NummerplateId":null}},{"type":"Feature","id":546,"geometry":{"type":"Point","coordinates":[9.65747659106321,59.6591952160157]},"properties":{"OBJECTID":546,"Type":null,"Materiale":null,"HC_vennlig":null,"Tas_inn_for_vinteren":null,"Merknader":null,"NummerplateId":null}},{"type":"Feature","id":547,"geometry":{"type":"Point","coordinates":[9.65721559415526,59.659221524111]},"properties":{"OBJECTID":547,"Type":null,"Materiale":null,"HC_vennlig":null,"Tas_inn_for_vinteren":null,"Merknader":null,"NummerplateId":null}},{"type":"Feature","id":548,"geometry":{"type":"Point","coordinates":[9.65718407633752,59.6592247154459]},"properties":{"OBJECTID":548,"Type":null,"Materiale":null,"HC_vennlig":null,"Tas_inn_for_vinteren":null,"Merknader":null,"NummerplateId":null}},{"type":"Feature","id":549,"geometry":{"type":"Point","coordinates":[9.65714826631203,59.659143939944]},"properties":{"OBJECTID":549,"Type":null,"Materiale":null,"HC_vennlig":null,"Tas_inn_for_vinteren":null,"Merknader":"Fastboltet","NummerplateId":null}},{"type":"Feature","id":550,"geometry":{"type":"Point","coordinates":[9.65705599043109,59.6591771289033]},"properties":{"OBJECTID":550,"Type":null,"Materiale":null,"HC_vennlig":null,"Tas_inn_for_vinteren":null,"Merknader":"Fastboltet","NummerplateId":null}},{"type":"Feature","id":551,"geometry":{"type":"Point","coordinates":[9.65690422579645,59.6592831966846]},"properties":{"OBJECTID":551,"Type":null,"Materiale":null,"HC_vennlig":null,"Tas_inn_for_vinteren":null,"Merknader":null,"NummerplateId":null}},{"type":"Feature","id":552,"geometry":{"type":"Point","coordinates":[9.65681091761964,59.6592940276956]},"properties":{"OBJECTID":552,"Type":null,"Materiale":null,"HC_vennlig":null,"Tas_inn_for_vinteren":null,"Merknader":null,"NummerplateId":null}},{"type":"Feature","id":553,"geometry":{"type":"Point","coordinates":[9.65726418282249,59.6594114505748]},"properties":{"OBJECTID":553,"Type":null,"Materiale":"Tre","HC_vennlig":null,"Tas_inn_for_vinteren":null,"Merknader":"Fastboltet. Lang","NummerplateId":null}},{"type":"Feature","id":554,"geometry":{"type":"Point","coordinates":[9.65731051978049,59.6594763909179]},"properties":{"OBJECTID":554,"Type":null,"Materiale":"Tre","HC_vennlig":null,"Tas_inn_for_vinteren":null,"Merknader":"Fastboltet. Lang","NummerplateId":null}},{"type":"Feature","id":555,"geometry":{"type":"Point","coordinates":[9.65730242774583,59.659521946689]},"properties":{"OBJECTID":555,"Type":null,"Materiale":"Tre","HC_vennlig":null,"Tas_inn_for_vinteren":null,"Merknader":"Fastboltet. Lang","NummerplateId":null}},{"type":"Feature","id":556,"geometry":{"type":"Point","coordinates":[9.65753410870789,59.6595364154599]},"properties":{"OBJECTID":556,"Type":null,"Materiale":"Tre","HC_vennlig":null,"Tas_inn_for_vinteren":null,"Merknader":"Fastboltet. Lang","NummerplateId":null}},{"type":"Feature","id":557,"geometry":{"type":"Point","coordinates":[9.65751846375984,59.6595911220227]},"properties":{"OBJECTID":557,"Type":null,"Materiale":"Tre","HC_vennlig":null,"Tas_inn_for_vinteren":null,"Merknader":"Fastboltet. Lang","NummerplateId":null}},{"type":"Feature","id":558,"geometry":{"type":"Point","coordinates":[9.65748959595612,59.659562343851]},"properties":{"OBJECTID":558,"Type":null,"Materiale":"Tre","HC_vennlig":null,"Tas_inn_for_vinteren":null,"Merknader":"Fastboltet. Lang","NummerplateId":null}},{"type":"Feature","id":559,"geometry":{"type":"Point","coordinates":[9.65746160593133,59.6595853023507]},"properties":{"OBJECTID":559,"Type":null,"Materiale":"Tre","HC_vennlig":null,"Tas_inn_for_vinteren":null,"Merknader":"Fastboltet. Lang","NummerplateId":null}},{"type":"Feature","id":560,"geometry":{"type":"Point","coordinates":[9.65729813495257,59.6596590877037]},"properties":{"OBJECTID":560,"Type":null,"Materiale":"Tre","HC_vennlig":null,"Tas_inn_for_vinteren":null,"Merknader":"Fastboltet. Lang","NummerplateId":null}},{"type":"Feature","id":561,"geometry":{"type":"Point","coordinates":[9.65756725190862,59.6592701974002]},"properties":{"OBJECTID":561,"Type":null,"Materiale":null,"HC_vennlig":null,"Tas_inn_for_vinteren":null,"Merknader":null,"NummerplateId":null}},{"type":"Feature","id":562,"geometry":{"type":"Point","coordinates":[9.65754069709262,59.659227928636]},"properties":{"OBJECTID":562,"Type":null,"Materiale":null,"HC_vennlig":null,"Tas_inn_for_vinteren":null,"Merknader":null,"NummerplateId":null}},{"type":"Feature","id":563,"geometry":{"type":"Point","coordinates":[9.65714753349601,59.6588160031607]},"properties":{"OBJECTID":563,"Type":null,"Materiale":null,"HC_vennlig":null,"Tas_inn_for_vinteren":null,"Merknader":null,"NummerplateId":null}},{"type":"Feature","id":564,"geometry":{"type":"Point","coordinates":[9.65710124553653,59.6588220010801]},"properties":{"OBJECTID":564,"Type":null,"Materiale":null,"HC_vennlig":null,"Tas_inn_for_vinteren":null,"Merknader":null,"NummerplateId":null}},{"type":"Feature","id":565,"geometry":{"type":"Point","coordinates":[9.6570627730311,59.6588259079062]},"properties":{"OBJECTID":565,"Type":null,"Materiale":null,"HC_vennlig":null,"Tas_inn_for_vinteren":null,"Merknader":null,"NummerplateId":null}},{"type":"Feature","id":566,"geometry":{"type":"Point","coordinates":[9.65697137928196,59.6589968090803]},"properties":{"OBJECTID":566,"Type":null,"Materiale":null,"HC_vennlig":null,"Tas_inn_for_vinteren":null,"Merknader":null,"NummerplateId":null}},{"type":"Feature","id":567,"geometry":{"type":"Point","coordinates":[9.65700303657692,59.6589899613312]},"properties":{"OBJECTID":567,"Type":null,"Materiale":null,"HC_vennlig":null,"Tas_inn_for_vinteren":null,"Merknader":null,"NummerplateId":null}},{"type":"Feature","id":568,"geometry":{"type":"Point","coordinates":[9.6567142745931,59.6590405071539]},"properties":{"OBJECTID":568,"Type":null,"Materiale":null,"HC_vennlig":null,"Tas_inn_for_vinteren":null,"Merknader":null,"NummerplateId":null}},{"type":"Feature","id":569,"geometry":{"type":"Point","coordinates":[9.65666911205414,59.6590469024888]},"properties":{"OBJECTID":569,"Type":null,"Materiale":null,"HC_vennlig":null,"Tas_inn_for_vinteren":null,"Merknader":null,"NummerplateId":null}},{"type":"Feature","id":570,"geometry":{"type":"Point","coordinates":[9.65663965189714,59.6587996477075]},"properties":{"OBJECTID":570,"Type":null,"Materiale":null,"HC_vennlig":null,"Tas_inn_for_vinteren":null,"Merknader":null,"NummerplateId":null}},{"type":"Feature","id":571,"geometry":{"type":"Point","coordinates":[9.65620214748432,59.6582028361959]},"properties":{"OBJECTID":571,"Type":null,"Materiale":null,"HC_vennlig":null,"Tas_inn_for_vinteren":null,"Merknader":null,"NummerplateId":null}},{"type":"Feature","id":572,"geometry":{"type":"Point","coordinates":[9.65622559647864,59.6582498541335]},"properties":{"OBJECTID":572,"Type":null,"Materiale":null,"HC_vennlig":null,"Tas_inn_for_vinteren":null,"Merknader":null,"NummerplateId":null}},{"type":"Feature","id":573,"geometry":{"type":"Point","coordinates":[9.65576339906011,59.6586170458914]},"properties":{"OBJECTID":573,"Type":null,"Materiale":null,"HC_vennlig":null,"Tas_inn_for_vinteren":null,"Merknader":null,"NummerplateId":null}},{"type":"Feature","id":574,"geometry":{"type":"Point","coordinates":[9.65576102274087,59.6586401328269]},"properties":{"OBJECTID":574,"Type":null,"Materiale":null,"HC_vennlig":null,"Tas_inn_for_vinteren":null,"Merknader":null,"NummerplateId":null}},{"type":"Feature","id":575,"geometry":{"type":"Point","coordinates":[9.65562360416928,59.6587127244443]},"properties":{"OBJECTID":575,"Type":null,"Materiale":null,"HC_vennlig":null,"Tas_inn_for_vinteren":null,"Merknader":null,"NummerplateId":null}},{"type":"Feature","id":576,"geometry":{"type":"Point","coordinates":[9.65576704154865,59.6587780017129]},"properties":{"OBJECTID":576,"Type":null,"Materiale":"Betong","HC_vennlig":null,"Tas_inn_for_vinteren":null,"Merknader":"Sjakkbord med 4 sitteplasser","NummerplateId":null}},{"type":"Feature","id":577,"geometry":{"type":"Point","coordinates":[9.65581451703699,59.658800916684]},"properties":{"OBJECTID":577,"Type":null,"Materiale":"Betong","HC_vennlig":null,"Tas_inn_for_vinteren":null,"Merknader":"Sjakkbord med 4 sitteplasser","NummerplateId":null}},{"type":"Feature","id":578,"geometry":{"type":"Point","coordinates":[9.65587972033019,59.6588008753932]},"properties":{"OBJECTID":578,"Type":null,"Materiale":"Betong","HC_vennlig":null,"Tas_inn_for_vinteren":null,"Merknader":"Sjakkbord med 4 sitteplasser","NummerplateId":null}},{"type":"Feature","id":579,"geometry":{"type":"Point","coordinates":[9.65613137212053,59.6591053229536]},"properties":{"OBJECTID":579,"Type":"ASVO benker med rygg","Materiale":"Tre","HC_vennlig":null,"Tas_inn_for_vinteren":null,"Merknader":null,"NummerplateId":null}},{"type":"Feature","id":580,"geometry":{"type":"Point","coordinates":[9.65616383141065,59.6590994529131]},"properties":{"OBJECTID":580,"Type":"ASVO benker med rygg","Materiale":"Tre","HC_vennlig":null,"Tas_inn_for_vinteren":null,"Merknader":null,"NummerplateId":null}},{"type":"Feature","id":581,"geometry":{"type":"Point","coordinates":[9.65619749614074,59.6590943329528]},"properties":{"OBJECTID":581,"Type":"ASVO benker med rygg","Materiale":"Tre","HC_vennlig":null,"Tas_inn_for_vinteren":null,"Merknader":null,"NummerplateId":null}},{"type":"Feature","id":582,"geometry":{"type":"Point","coordinates":[9.65623256610405,59.6590923776976]},"properties":{"OBJECTID":582,"Type":"ASVO benker med rygg","Materiale":"Tre","HC_vennlig":null,"Tas_inn_for_vinteren":null,"Merknader":null,"NummerplateId":null}},{"type":"Feature","id":583,"geometry":{"type":"Point","coordinates":[9.65693196921904,59.6593953573996]},"properties":{"OBJECTID":583,"Type":null,"Materiale":null,"HC_vennlig":null,"Tas_inn_for_vinteren":null,"Merknader":null,"NummerplateId":null}},{"type":"Feature","id":584,"geometry":{"type":"Point","coordinates":[9.65751877812482,59.6593079858131]},"properties":{"OBJECTID":584,"Type":null,"Materiale":null,"HC_vennlig":null,"Tas_inn_for_vinteren":null,"Merknader":null,"NummerplateId":null}},{"type":"Feature","id":585,"geometry":{"type":"Point","coordinates":[9.65743043080736,59.6593216543345]},"properties":{"OBJECTID":585,"Type":null,"Materiale":null,"HC_vennlig":null,"Tas_inn_for_vinteren":null,"Merknader":null,"NummerplateId":null}},{"type":"Feature","id":586,"geometry":{"type":"Point","coordinates":[9.65678800682976,59.6578536537488]},"properties":{"OBJECTID":586,"Type":"ASVO benker med rygg","Materiale":"Tre","HC_vennlig":null,"Tas_inn_for_vinteren":null,"Merknader":null,"NummerplateId":null}},{"type":"Feature","id":587,"geometry":{"type":"Point","coordinates":[9.65636988387153,59.657489383046]},"properties":{"OBJECTID":587,"Type":"ASVO benker med rygg","Materiale":"Tre","HC_vennlig":null,"Tas_inn_for_vinteren":null,"Merknader":null,"NummerplateId":null}},{"type":"Feature","id":588,"geometry":{"type":"Point","coordinates":[9.66403911597953,59.6509912000759]},"properties":{"OBJECTID":588,"Type":null,"Materiale":null,"HC_vennlig":null,"Tas_inn_for_vinteren":null,"Merknader":null,"NummerplateId":null}},{"type":"Feature","id":589,"geometry":{"type":"Point","coordinates":[9.66390620254166,59.6503186735832]},"properties":{"OBJECTID":589,"Type":"Steingrupper","Materiale":"Stein","HC_vennlig":null,"Tas_inn_for_vinteren":null,"Merknader":null,"NummerplateId":null}},{"type":"Feature","id":590,"geometry":{"type":"Point","coordinates":[9.66363296634096,59.6503765999535]},"properties":{"OBJECTID":590,"Type":"Steingrupper","Materiale":"Stein","HC_vennlig":null,"Tas_inn_for_vinteren":null,"Merknader":null,"NummerplateId":null}},{"type":"Feature","id":591,"geometry":{"type":"Point","coordinates":[9.66416656699184,59.6502531671086]},"properties":{"OBJECTID":591,"Type":"Steingrupper","Materiale":"Stein","HC_vennlig":null,"Tas_inn_for_vinteren":null,"Merknader":null,"NummerplateId":null}},{"type":"Feature","id":592,"geometry":{"type":"Point","coordinates":[9.66314903248561,59.6498262830122]},"properties":{"OBJECTID":592,"Type":"Steingrupper","Materiale":"Stein","HC_vennlig":null,"Tas_inn_for_vinteren":null,"Merknader":null,"NummerplateId":null}},{"type":"Feature","id":593,"geometry":{"type":"Point","coordinates":[9.66301334286174,59.6498553808824]},"properties":{"OBJECTID":593,"Type":"Steingrupper","Materiale":"Stein","HC_vennlig":null,"Tas_inn_for_vinteren":null,"Merknader":null,"NummerplateId":null}},{"type":"Feature","id":594,"geometry":{"type":"Point","coordinates":[9.66290851695151,59.6498847662496]},"properties":{"OBJECTID":594,"Type":"Steingrupper","Materiale":"Stein","HC_vennlig":null,"Tas_inn_for_vinteren":null,"Merknader":null,"NummerplateId":null}},{"type":"Feature","id":595,"geometry":{"type":"Point","coordinates":[9.66352722856761,59.6503507847446]},"properties":{"OBJECTID":595,"Type":null,"Materiale":"Tre","HC_vennlig":null,"Tas_inn_for_vinteren":null,"Merknader":"Tribuner","NummerplateId":null}},{"type":"Feature","id":596,"geometry":{"type":"Point","coordinates":[9.65194128251793,59.6500422329512]},"properties":{"OBJECTID":596,"Type":null,"Materiale":null,"HC_vennlig":null,"Tas_inn_for_vinteren":null,"Merknader":null,"NummerplateId":null}},{"type":"Feature","id":597,"geometry":{"type":"Point","coordinates":[9.65206231311563,59.6488756842008]},"properties":{"OBJECTID":597,"Type":null,"Materiale":null,"HC_vennlig":null,"Tas_inn_for_vinteren":null,"Merknader":null,"NummerplateId":null}},{"type":"Feature","id":598,"geometry":{"type":"Point","coordinates":[9.64093431654953,59.6686085972385]},"properties":{"OBJECTID":598,"Type":null,"Materiale":"Stein","HC_vennlig":null,"Tas_inn_for_vinteren":null,"Merknader":null,"NummerplateId":null}},{"type":"Feature","id":599,"geometry":{"type":"Point","coordinates":[9.64086596336952,59.6686294979672]},"properties":{"OBJECTID":599,"Type":null,"Materiale":"Stein","HC_vennlig":null,"Tas_inn_for_vinteren":null,"Merknader":null,"NummerplateId":null}},{"type":"Feature","id":600,"geometry":{"type":"Point","coordinates":[9.6408546111334,59.6685754534439]},"properties":{"OBJECTID":600,"Type":null,"Materiale":"Stein","HC_vennlig":null,"Tas_inn_for_vinteren":null,"Merknader":null,"NummerplateId":null}},{"type":"Feature","id":601,"geometry":{"type":"Point","coordinates":[9.60793833317091,59.6753316670687]},"properties":{"OBJECTID":601,"Type":"ASVO benker med rygg","Materiale":"Tre","HC_vennlig":"Nei","Tas_inn_for_vinteren":null,"Merknader":null,"NummerplateId":null}},{"type":"Feature","id":602,"geometry":{"type":"Point","coordinates":[9.60406828630302,59.6781637975894]},"properties":{"OBJECTID":602,"Type":"Tømmerbenk","Materiale":"Tre","HC_vennlig":"Nei","Tas_inn_for_vinteren":null,"Merknader":null,"NummerplateId":null}},{"type":"Feature","id":603,"geometry":{"type":"Point","coordinates":[9.59961354059812,59.6777243400477]},"properties":{"OBJECTID":603,"Type":"ASVO benker med rygg","Materiale":"Tre","HC_vennlig":"Nei","Tas_inn_for_vinteren":null,"Merknader":null,"NummerplateId":null}},{"type":"Feature","id":604,"geometry":{"type":"Point","coordinates":[9.60047166728414,59.6774850002047]},"properties":{"OBJECTID":604,"Type":"ASVO benker uten rygg","Materiale":"Tre","HC_vennlig":"Nei","Tas_inn_for_vinteren":null,"Merknader":null,"NummerplateId":null}},{"type":"Feature","id":605,"geometry":{"type":"Point","coordinates":[9.60213999969114,59.6727999996195]},"properties":{"OBJECTID":605,"Type":"ASVO benker med rygg","Materiale":"Tre","HC_vennlig":"Nei","Tas_inn_for_vinteren":null,"Merknader":null,"NummerplateId":null}},{"type":"Feature","id":606,"geometry":{"type":"Point","coordinates":[9.60202666722647,59.6727566668765]},"properties":{"OBJECTID":606,"Type":"ASVO benker med rygg","Materiale":"Tre","HC_vennlig":"Nei","Tas_inn_for_vinteren":null,"Merknader":null,"NummerplateId":null}},{"type":"Feature","id":607,"geometry":{"type":"Point","coordinates":[9.60210929075472,59.673119446155]},"properties":{"OBJECTID":607,"Type":"ASVO benker med rygg","Materiale":"Tre","HC_vennlig":"Nei","Tas_inn_for_vinteren":null,"Merknader":null,"NummerplateId":null}},{"type":"Feature","id":608,"geometry":{"type":"Point","coordinates":[9.60208232532596,59.6731519767331]},"properties":{"OBJECTID":608,"Type":"ASVO benker med rygg","Materiale":"Tre","HC_vennlig":"Nei","Tas_inn_for_vinteren":null,"Merknader":null,"NummerplateId":null}},{"type":"Feature","id":609,"geometry":{"type":"Point","coordinates":[9.60175833393482,59.6734333329294]},"properties":{"OBJECTID":609,"Type":"ASVO benker med rygg","Materiale":"Tre","HC_vennlig":"Nei","Tas_inn_for_vinteren":null,"Merknader":null,"NummerplateId":null}},{"type":"Feature","id":610,"geometry":{"type":"Point","coordinates":[9.60151499926415,59.6779350002908]},"properties":{"OBJECTID":610,"Type":"Tømmerbenk","Materiale":"Tre","HC_vennlig":null,"Tas_inn_for_vinteren":null,"Merknader":null,"NummerplateId":null}},{"type":"Feature","id":611,"geometry":{"type":"Point","coordinates":[9.60153665107598,59.6781876398719]},"properties":{"OBJECTID":611,"Type":"Tømmerbenk","Materiale":"Tre","HC_vennlig":null,"Tas_inn_for_vinteren":null,"Merknader":null,"NummerplateId":null}},{"type":"Feature","id":612,"geometry":{"type":"Point","coordinates":[9.60552499937092,59.6710533332517]},"properties":{"OBJECTID":612,"Type":"ASVO benker med rygg","Materiale":"Tre","HC_vennlig":"Nei","Tas_inn_for_vinteren":null,"Merknader":null,"NummerplateId":null}},{"type":"Feature","id":613,"geometry":{"type":"Point","coordinates":[9.60557000012285,59.6710916666837]},"properties":{"OBJECTID":613,"Type":"ASVO benker med rygg","Materiale":"Tre","HC_vennlig":"Nei","Tas_inn_for_vinteren":null,"Merknader":null,"NummerplateId":null}},{"type":"Feature","id":614,"geometry":{"type":"Point","coordinates":[9.60563333257891,59.6710550001811]},"properties":{"OBJECTID":614,"Type":"ASVO benker med rygg","Materiale":"Tre","HC_vennlig":"Nei","Tas_inn_for_vinteren":null,"Merknader":null,"NummerplateId":null}},{"type":"Feature","id":615,"geometry":{"type":"Point","coordinates":[9.6056899995648,59.6710833335261]},"properties":{"OBJECTID":615,"Type":"ASVO benker med rygg","Materiale":"Tre","HC_vennlig":"Nei","Tas_inn_for_vinteren":null,"Merknader":null,"NummerplateId":null}},{"type":"Feature","id":616,"geometry":{"type":"Point","coordinates":[9.60573333395649,59.6711683335681]},"properties":{"OBJECTID":616,"Type":"ASVO benker med rygg","Materiale":"Tre","HC_vennlig":"Nei","Tas_inn_for_vinteren":null,"Merknader":null,"NummerplateId":null}},{"type":"Feature","id":617,"geometry":{"type":"Point","coordinates":[9.60599999951263,59.6704116667789]},"properties":{"OBJECTID":617,"Type":"ASVO benker uten rygg","Materiale":"Tre","HC_vennlig":"Nei","Tas_inn_for_vinteren":null,"Merknader":null,"NummerplateId":null}},{"type":"Feature","id":618,"geometry":{"type":"Point","coordinates":[9.60649333261233,59.6695199995808]},"properties":{"OBJECTID":618,"Type":"ASVO benker med rygg","Materiale":"Tre","HC_vennlig":"Nei","Tas_inn_for_vinteren":null,"Merknader":null,"NummerplateId":null}},{"type":"Feature","id":619,"geometry":{"type":"Point","coordinates":[9.60758333321576,59.6697150002404]},"properties":{"OBJECTID":619,"Type":"Tømmerbenk","Materiale":"Tre","HC_vennlig":"Nei","Tas_inn_for_vinteren":null,"Merknader":null,"NummerplateId":null}},{"type":"Feature","id":620,"geometry":{"type":"Point","coordinates":[9.60754833270459,59.6704000003118]},"properties":{"OBJECTID":620,"Type":"Tømmerbenk","Materiale":"Tre","HC_vennlig":"Nei","Tas_inn_for_vinteren":null,"Merknader":null,"NummerplateId":null}},{"type":"Feature","id":621,"geometry":{"type":"Point","coordinates":[9.60704166675915,59.6707750000699]},"properties":{"OBJECTID":621,"Type":"Tømmerbenk","Materiale":"Tre","HC_vennlig":"Nei","Tas_inn_for_vinteren":null,"Merknader":null,"NummerplateId":null}},{"type":"Feature","id":622,"geometry":{"type":"Point","coordinates":[9.60880333336886,59.6686133329059]},"properties":{"OBJECTID":622,"Type":"ASVO benker med rygg","Materiale":"Tre","HC_vennlig":"Nei","Tas_inn_for_vinteren":null,"Merknader":null,"NummerplateId":null}},{"type":"Feature","id":623,"geometry":{"type":"Point","coordinates":[9.6146933334911,59.6586783334403]},"properties":{"OBJECTID":623,"Type":"Tømmerbenk","Materiale":"Tre","HC_vennlig":"Nei","Tas_inn_for_vinteren":null,"Merknader":null,"NummerplateId":null}},{"type":"Feature","id":624,"geometry":{"type":"Point","coordinates":[9.61490166676987,59.6579016669436]},"properties":{"OBJECTID":624,"Type":"ASVO benker med rygg","Materiale":"Tre","HC_vennlig":"Nei","Tas_inn_for_vinteren":null,"Merknader":null,"NummerplateId":null}},{"type":"Feature","id":625,"geometry":{"type":"Point","coordinates":[9.61401999981551,59.657433333339]},"properties":{"OBJECTID":625,"Type":"ASVO benker med rygg","Materiale":"Tre","HC_vennlig":"Nei","Tas_inn_for_vinteren":null,"Merknader":null,"NummerplateId":null}},{"type":"Feature","id":626,"geometry":{"type":"Point","coordinates":[9.60978833306101,59.6525349996076]},"properties":{"OBJECTID":626,"Type":"Steingrupper","Materiale":"Tre","HC_vennlig":"Nei","Tas_inn_for_vinteren":null,"Merknader":null,"NummerplateId":null}},{"type":"Feature","id":627,"geometry":{"type":"Point","coordinates":[9.60723833351313,59.6534416662985]},"properties":{"OBJECTID":627,"Type":"Steingrupper","Materiale":"Tre","HC_vennlig":"Nei","Tas_inn_for_vinteren":null,"Merknader":null,"NummerplateId":null}},{"type":"Feature","id":628,"geometry":{"type":"Point","coordinates":[9.60529333273011,59.6541566670401]},"properties":{"OBJECTID":628,"Type":"ASVO benker med rygg","Materiale":"Tre","HC_vennlig":"Nei","Tas_inn_for_vinteren":null,"Merknader":null,"NummerplateId":"27"}},{"type":"Feature","id":629,"geometry":{"type":"Point","coordinates":[9.61181166652627,59.6619649998443]},"properties":{"OBJECTID":629,"Type":"ASVO benker med rygg","Materiale":"Tre","HC_vennlig":"Nei","Tas_inn_for_vinteren":null,"Merknader":null,"NummerplateId":null}},{"type":"Feature","id":630,"geometry":{"type":"Point","coordinates":[10.0103818169773,59.4899065783698]},"properties":{"OBJECTID":630,"Type":"ASVO benker med rygg","Materiale":"Tre","HC_vennlig":null,"Tas_inn_for_vinteren":null,"Merknader":null,"NummerplateId":null}},{"type":"Feature","id":631,"geometry":{"type":"Point","coordinates":[10.0104345690997,59.4899634007509]},"properties":{"OBJECTID":631,"Type":"ASVO benker med rygg","Materiale":"Tre","HC_vennlig":null,"Tas_inn_for_vinteren":null,"Merknader":null,"NummerplateId":null}},{"type":"Feature","id":632,"geometry":{"type":"Point","coordinates":[10.0104670669576,59.4900050335205]},"properties":{"OBJECTID":632,"Type":"ASVO benker med rygg","Materiale":"Tre","HC_vennlig":null,"Tas_inn_for_vinteren":null,"Merknader":null,"NummerplateId":null}},{"type":"Feature","id":633,"geometry":{"type":"Point","coordinates":[10.0100578335964,59.489595632933]},"properties":{"OBJECTID":633,"Type":null,"Materiale":"Tre","HC_vennlig":null,"Tas_inn_for_vinteren":null,"Merknader":null,"NummerplateId":null}},{"type":"Feature","id":634,"geometry":{"type":"Point","coordinates":[10.0104913982673,59.4901739213092]},"properties":{"OBJECTID":634,"Type":null,"Materiale":"Tre","HC_vennlig":null,"Tas_inn_for_vinteren":null,"Merknader":null,"NummerplateId":null}},{"type":"Feature","id":635,"geometry":{"type":"Point","coordinates":[10.0108986339177,59.4900554162274]},"properties":{"OBJECTID":635,"Type":null,"Materiale":"Tre","HC_vennlig":null,"Tas_inn_for_vinteren":null,"Merknader":null,"NummerplateId":null}},{"type":"Feature","id":636,"geometry":{"type":"Point","coordinates":[10.0093042328042,59.4895142332603]},"properties":{"OBJECTID":636,"Type":"Gruppe med tak","Materiale":"Tre","HC_vennlig":null,"Tas_inn_for_vinteren":null,"Merknader":null,"NummerplateId":null}},{"type":"Feature","id":637,"geometry":{"type":"Point","coordinates":[10.0088715091654,59.4894750764649]},"properties":{"OBJECTID":637,"Type":null,"Materiale":"Tre","HC_vennlig":null,"Tas_inn_for_vinteren":null,"Merknader":null,"NummerplateId":null}},{"type":"Feature","id":638,"geometry":{"type":"Point","coordinates":[10.0088564609243,59.4894827183512]},"properties":{"OBJECTID":638,"Type":null,"Materiale":"Tre","HC_vennlig":null,"Tas_inn_for_vinteren":null,"Merknader":null,"NummerplateId":null}},{"type":"Feature","id":639,"geometry":{"type":"Point","coordinates":[10.0085166035356,59.4894725876868]},"properties":{"OBJECTID":639,"Type":null,"Materiale":"Tre","HC_vennlig":null,"Tas_inn_for_vinteren":null,"Merknader":null,"NummerplateId":null}},{"type":"Feature","id":640,"geometry":{"type":"Point","coordinates":[10.0092753183281,59.4889155249952]},"properties":{"OBJECTID":640,"Type":null,"Materiale":"Tre","HC_vennlig":null,"Tas_inn_for_vinteren":null,"Merknader":null,"NummerplateId":null}},{"type":"Feature","id":641,"geometry":{"type":"Point","coordinates":[10.0096120928802,59.4890482254948]},"properties":{"OBJECTID":641,"Type":null,"Materiale":"Tre","HC_vennlig":null,"Tas_inn_for_vinteren":null,"Merknader":null,"NummerplateId":null}},{"type":"Feature","id":642,"geometry":{"type":"Point","coordinates":[10.0095788444673,59.4890767963883]},"properties":{"OBJECTID":642,"Type":null,"Materiale":"Tre","HC_vennlig":null,"Tas_inn_for_vinteren":null,"Merknader":null,"NummerplateId":null}},{"type":"Feature","id":643,"geometry":{"type":"Point","coordinates":[10.0095911272009,59.4891016910783]},"properties":{"OBJECTID":643,"Type":null,"Materiale":"Tre","HC_vennlig":null,"Tas_inn_for_vinteren":null,"Merknader":"På vegg","NummerplateId":null}},{"type":"Feature","id":644,"geometry":{"type":"Point","coordinates":[10.0097685560229,59.4892323947326]},"properties":{"OBJECTID":644,"Type":null,"Materiale":"Tre","HC_vennlig":null,"Tas_inn_for_vinteren":null,"Merknader":"På vegg","NummerplateId":null}},{"type":"Feature","id":645,"geometry":{"type":"Point","coordinates":[10.0103592337599,59.4892264495603]},"properties":{"OBJECTID":645,"Type":"Gruppe med tak","Materiale":"Tre","HC_vennlig":null,"Tas_inn_for_vinteren":null,"Merknader":null,"NummerplateId":null}},{"type":"Feature","id":646,"geometry":{"type":"Point","coordinates":[10.0087155808439,59.4893274200264]},"properties":{"OBJECTID":646,"Type":null,"Materiale":null,"HC_vennlig":null,"Tas_inn_for_vinteren":null,"Merknader":null,"NummerplateId":null}},{"type":"Feature","id":647,"geometry":{"type":"Point","coordinates":[10.0090525407036,59.4892089392333]},"properties":{"OBJECTID":647,"Type":null,"Materiale":null,"HC_vennlig":null,"Tas_inn_for_vinteren":null,"Merknader":null,"NummerplateId":null}},{"type":"Feature","id":648,"geometry":{"type":"Point","coordinates":[9.81115110162931,59.5500776460323]},"properties":{"OBJECTID":648,"Type":"ASVO benker med rygg","Materiale":"Tre","HC_vennlig":null,"Tas_inn_for_vinteren":null,"Merknader":null,"NummerplateId":null}},{"type":"Feature","id":649,"geometry":{"type":"Point","coordinates":[9.81115110162931,59.5500776460323]},"properties":{"OBJECTID":649,"Type":"ASVO benker med rygg","Materiale":"Tre","HC_vennlig":null,"Tas_inn_for_vinteren":null,"Merknader":null,"NummerplateId":null}},{"type":"Feature","id":650,"geometry":{"type":"Point","coordinates":[9.59670345729913,59.6391133994337]},"properties":{"OBJECTID":650,"Type":"Tømmerbenk","Materiale":"Tre","HC_vennlig":"Nei","Tas_inn_for_vinteren":null,"Merknader":null,"NummerplateId":null}},{"type":"Feature","id":651,"geometry":{"type":"Point","coordinates":[9.81114271584279,59.5501408835145]},"properties":{"OBJECTID":651,"Type":null,"Materiale":"Tre","HC_vennlig":null,"Tas_inn_for_vinteren":null,"Merknader":null,"NummerplateId":null}},{"type":"Feature","id":652,"geometry":{"type":"Point","coordinates":[9.81153418275176,59.5498828945189]},"properties":{"OBJECTID":652,"Type":null,"Materiale":"Tre","HC_vennlig":null,"Tas_inn_for_vinteren":null,"Merknader":null,"NummerplateId":null}},{"type":"Feature","id":653,"geometry":{"type":"Point","coordinates":[9.81142408316982,59.5496979663687]},"properties":{"OBJECTID":653,"Type":null,"Materiale":"Tre","HC_vennlig":null,"Tas_inn_for_vinteren":null,"Merknader":null,"NummerplateId":null}},{"type":"Feature","id":654,"geometry":{"type":"Point","coordinates":[9.81166108296723,59.5495219170326]},"properties":{"OBJECTID":654,"Type":null,"Materiale":"Tre","HC_vennlig":null,"Tas_inn_for_vinteren":null,"Merknader":null,"NummerplateId":null}},{"type":"Feature","id":655,"geometry":{"type":"Point","coordinates":[9.81189479941918,59.5497102003514]},"properties":{"OBJECTID":655,"Type":null,"Materiale":"Tre","HC_vennlig":null,"Tas_inn_for_vinteren":null,"Merknader":null,"NummerplateId":null}},{"type":"Feature","id":656,"geometry":{"type":"Point","coordinates":[9.81217271743707,59.549619833477]},"properties":{"OBJECTID":656,"Type":"ASVO benker med rygg","Materiale":"Tre","HC_vennlig":null,"Tas_inn_for_vinteren":null,"Merknader":null,"NummerplateId":null}},{"type":"Feature","id":657,"geometry":{"type":"Point","coordinates":[9.81263911642123,59.5493839670883]},"properties":{"OBJECTID":657,"Type":"ASVO benker med rygg","Materiale":"Tre","HC_vennlig":null,"Tas_inn_for_vinteren":null,"Merknader":null,"NummerplateId":null}},{"type":"Feature","id":658,"geometry":{"type":"Point","coordinates":[9.81259510393317,59.5492251754562]},"properties":{"OBJECTID":658,"Type":null,"Materiale":"Tre","HC_vennlig":null,"Tas_inn_for_vinteren":null,"Merknader":null,"NummerplateId":null}},{"type":"Feature","id":659,"geometry":{"type":"Point","coordinates":[9.81234963369215,59.5491719001289]},"properties":{"OBJECTID":659,"Type":"Tømmerbenk","Materiale":"Tre","HC_vennlig":null,"Tas_inn_for_vinteren":null,"Merknader":null,"NummerplateId":null}},{"type":"Feature","id":660,"geometry":{"type":"Point","coordinates":[9.5952950003669,59.6421166665723]},"properties":{"OBJECTID":660,"Type":"Tømmerbenk","Materiale":"Tre","HC_vennlig":"Nei","Tas_inn_for_vinteren":null,"Merknader":null,"NummerplateId":null}},{"type":"Feature","id":661,"geometry":{"type":"Point","coordinates":[9.59305166707084,59.6499100003138]},"properties":{"OBJECTID":661,"Type":"Tømmerbenk","Materiale":"Tre","HC_vennlig":null,"Tas_inn_for_vinteren":null,"Merknader":null,"NummerplateId":null}},{"type":"Feature","id":662,"geometry":{"type":"Point","coordinates":[9.67330128259383,59.6021818666555]},"properties":{"OBJECTID":662,"Type":"ASVO benker med rygg","Materiale":"Tre","HC_vennlig":null,"Tas_inn_for_vinteren":null,"Merknader":null,"NummerplateId":null}},{"type":"Feature","id":663,"geometry":{"type":"Point","coordinates":[9.60746000020082,59.6414866663604]},"properties":{"OBJECTID":663,"Type":"Tømmerbenk","Materiale":"Tre","HC_vennlig":"Nei","Tas_inn_for_vinteren":null,"Merknader":null,"NummerplateId":null}},{"type":"Feature","id":664,"geometry":{"type":"Point","coordinates":[9.60626333314486,59.6401266668568]},"properties":{"OBJECTID":664,"Type":"Smijernsbenker","Materiale":null,"HC_vennlig":"Nei","Tas_inn_for_vinteren":null,"Merknader":null,"NummerplateId":null}},{"type":"Feature","id":665,"geometry":{"type":"Point","coordinates":[9.60119833383306,59.6391883334504]},"properties":{"OBJECTID":665,"Type":"Tømmerbenk","Materiale":"Tre","HC_vennlig":"Nei","Tas_inn_for_vinteren":null,"Merknader":null,"NummerplateId":null}},{"type":"Feature","id":666,"geometry":{"type":"Point","coordinates":[9.62585591640807,59.679394708159]},"properties":{"OBJECTID":666,"Type":null,"Materiale":"Tre","HC_vennlig":null,"Tas_inn_for_vinteren":null,"Merknader":null,"NummerplateId":null}},{"type":"Feature","id":667,"geometry":{"type":"Point","coordinates":[9.62579629203298,59.6793166701064]},"properties":{"OBJECTID":667,"Type":null,"Materiale":"Tre","HC_vennlig":null,"Tas_inn_for_vinteren":null,"Merknader":null,"NummerplateId":null}},{"type":"Feature","id":668,"geometry":{"type":"Point","coordinates":[9.62585447101198,59.6792910018386]},"properties":{"OBJECTID":668,"Type":"ASVO benker med rygg","Materiale":"Tre","HC_vennlig":null,"Tas_inn_for_vinteren":null,"Merknader":null,"NummerplateId":null}},{"type":"Feature","id":669,"geometry":{"type":"Point","coordinates":[9.62610280075832,59.6791088836953]},"properties":{"OBJECTID":669,"Type":null,"Materiale":"Plast","HC_vennlig":null,"Tas_inn_for_vinteren":null,"Merknader":null,"NummerplateId":null}},{"type":"Feature","id":670,"geometry":{"type":"Point","coordinates":[9.6260497697398,59.6791054961878]},"properties":{"OBJECTID":670,"Type":null,"Materiale":"Plast","HC_vennlig":null,"Tas_inn_for_vinteren":null,"Merknader":null,"NummerplateId":null}},{"type":"Feature","id":671,"geometry":{"type":"Point","coordinates":[9.62599858488218,59.6791044570945]},"properties":{"OBJECTID":671,"Type":null,"Materiale":"Plast","HC_vennlig":null,"Tas_inn_for_vinteren":null,"Merknader":null,"NummerplateId":null}},{"type":"Feature","id":672,"geometry":{"type":"Point","coordinates":[9.62583649434068,59.6791676175232]},"properties":{"OBJECTID":672,"Type":null,"Materiale":null,"HC_vennlig":null,"Tas_inn_for_vinteren":null,"Merknader":null,"NummerplateId":null}},{"type":"Feature","id":673,"geometry":{"type":"Point","coordinates":[9.62579304763854,59.6791653219712]},"properties":{"OBJECTID":673,"Type":null,"Materiale":null,"HC_vennlig":null,"Tas_inn_for_vinteren":null,"Merknader":null,"NummerplateId":null}},{"type":"Feature","id":674,"geometry":{"type":"Point","coordinates":[9.62585723063888,59.6789675033739]},"properties":{"OBJECTID":674,"Type":null,"Materiale":"Tre","HC_vennlig":null,"Tas_inn_for_vinteren":null,"Merknader":null,"NummerplateId":null}},{"type":"Feature","id":675,"geometry":{"type":"Point","coordinates":[9.62545027921854,59.678910238412]},"properties":{"OBJECTID":675,"Type":null,"Materiale":"Stein","HC_vennlig":null,"Tas_inn_for_vinteren":null,"Merknader":null,"NummerplateId":null}},{"type":"Feature","id":676,"geometry":{"type":"Point","coordinates":[9.62628267183915,59.6795665425609]},"properties":{"OBJECTID":676,"Type":null,"Materiale":null,"HC_vennlig":null,"Tas_inn_for_vinteren":null,"Merknader":null,"NummerplateId":null}},{"type":"Feature","id":677,"geometry":{"type":"Point","coordinates":[9.6262323066094,59.6795451330838]},"properties":{"OBJECTID":677,"Type":null,"Materiale":"Tre","HC_vennlig":null,"Tas_inn_for_vinteren":null,"Merknader":null,"NummerplateId":null}},{"type":"Feature","id":678,"geometry":{"type":"Point","coordinates":[9.62611087627496,59.6793312340246]},"properties":{"OBJECTID":678,"Type":null,"Materiale":"Tre","HC_vennlig":null,"Tas_inn_for_vinteren":null,"Merknader":null,"NummerplateId":null}},{"type":"Feature","id":680,"geometry":{"type":"Point","coordinates":[9.62638903172925,59.6799825527229]},"properties":{"OBJECTID":680,"Type":null,"Materiale":"Betong","HC_vennlig":null,"Tas_inn_for_vinteren":null,"Merknader":null,"NummerplateId":null}},{"type":"Feature","id":681,"geometry":{"type":"Point","coordinates":[9.62635982342291,59.6798481623628]},"properties":{"OBJECTID":681,"Type":null,"Materiale":"Tre","HC_vennlig":null,"Tas_inn_for_vinteren":null,"Merknader":"Gruppe","NummerplateId":null}},{"type":"Feature","id":682,"geometry":{"type":"Point","coordinates":[9.62633705552903,59.6798908387454]},"properties":{"OBJECTID":682,"Type":null,"Materiale":"Tre","HC_vennlig":null,"Tas_inn_for_vinteren":null,"Merknader":"Gruppe","NummerplateId":null}},{"type":"Feature","id":683,"geometry":{"type":"Point","coordinates":[9.62632471620256,59.6799071334068]},"properties":{"OBJECTID":683,"Type":null,"Materiale":"Tre","HC_vennlig":null,"Tas_inn_for_vinteren":null,"Merknader":"Gruppe","NummerplateId":null}},{"type":"Feature","id":684,"geometry":{"type":"Point","coordinates":[9.62644701844798,59.6818423371738]},"properties":{"OBJECTID":684,"Type":"Tømmerbenk","Materiale":"Tre","HC_vennlig":null,"Tas_inn_for_vinteren":null,"Merknader":null,"NummerplateId":null}},{"type":"Feature","id":685,"geometry":{"type":"Point","coordinates":[9.62644428265346,59.6818710178635]},"properties":{"OBJECTID":685,"Type":"Tømmerbenk","Materiale":"Tre","HC_vennlig":null,"Tas_inn_for_vinteren":null,"Merknader":null,"NummerplateId":null}},{"type":"Feature","id":686,"geometry":{"type":"Point","coordinates":[9.62641056309264,59.6818594374944]},"properties":{"OBJECTID":686,"Type":"Tømmerbenk","Materiale":"Tre","HC_vennlig":null,"Tas_inn_for_vinteren":null,"Merknader":null,"NummerplateId":null}},{"type":"Feature","id":687,"geometry":{"type":"Point","coordinates":[9.6264770891761,59.6818596560836]},"properties":{"OBJECTID":687,"Type":"Tømmerbenk","Materiale":"Tre","HC_vennlig":null,"Tas_inn_for_vinteren":null,"Merknader":null,"NummerplateId":null}},{"type":"Feature","id":688,"geometry":{"type":"Point","coordinates":[9.63742342056666,59.6598860511481]},"properties":{"OBJECTID":688,"Type":"ASVO benker med rygg","Materiale":"Tre","HC_vennlig":null,"Tas_inn_for_vinteren":null,"Merknader":null,"NummerplateId":null}},{"type":"Feature","id":689,"geometry":{"type":"Point","coordinates":[9.63746829963925,59.6600715170771]},"properties":{"OBJECTID":689,"Type":null,"Materiale":"Tre","HC_vennlig":null,"Tas_inn_for_vinteren":null,"Merknader":null,"NummerplateId":null}},{"type":"Feature","id":690,"geometry":{"type":"Point","coordinates":[9.63725513541025,59.6598273519047]},"properties":{"OBJECTID":690,"Type":null,"Materiale":"Tre","HC_vennlig":null,"Tas_inn_for_vinteren":null,"Merknader":null,"NummerplateId":null}},{"type":"Feature","id":691,"geometry":{"type":"Point","coordinates":[9.65371361691009,59.6580767502739]},"properties":{"OBJECTID":691,"Type":null,"Materiale":"Tre","HC_vennlig":null,"Tas_inn_for_vinteren":null,"Merknader":null,"NummerplateId":null}},{"type":"Feature","id":692,"geometry":{"type":"Point","coordinates":[9.65345340122769,59.658065191749]},"properties":{"OBJECTID":692,"Type":null,"Materiale":"Tre","HC_vennlig":null,"Tas_inn_for_vinteren":null,"Merknader":null,"NummerplateId":null}},{"type":"Feature","id":693,"geometry":{"type":"Point","coordinates":[9.65366932420309,59.6579079248214]},"properties":{"OBJECTID":693,"Type":null,"Materiale":"Tre","HC_vennlig":null,"Tas_inn_for_vinteren":null,"Merknader":null,"NummerplateId":null}},{"type":"Feature","id":694,"geometry":{"type":"Point","coordinates":[9.65365550059001,59.6579298402868]},"properties":{"OBJECTID":694,"Type":null,"Materiale":"Tre","HC_vennlig":null,"Tas_inn_for_vinteren":null,"Merknader":null,"NummerplateId":null}},{"type":"Feature","id":695,"geometry":{"type":"Point","coordinates":[9.65366984637237,59.6577871059483]},"properties":{"OBJECTID":695,"Type":null,"Materiale":null,"HC_vennlig":null,"Tas_inn_for_vinteren":null,"Merknader":null,"NummerplateId":null}},{"type":"Feature","id":696,"geometry":{"type":"Point","coordinates":[9.65339348325301,59.6577295162701]},"properties":{"OBJECTID":696,"Type":null,"Materiale":null,"HC_vennlig":null,"Tas_inn_for_vinteren":null,"Merknader":null,"NummerplateId":null}},{"type":"Feature","id":697,"geometry":{"type":"Point","coordinates":[9.65398939544232,59.6576307607076]},"properties":{"OBJECTID":697,"Type":null,"Materiale":null,"HC_vennlig":null,"Tas_inn_for_vinteren":null,"Merknader":null,"NummerplateId":null}},{"type":"Feature","id":698,"geometry":{"type":"Point","coordinates":[9.65398944582065,59.6576460193049]},"properties":{"OBJECTID":698,"Type":null,"Materiale":null,"HC_vennlig":null,"Tas_inn_for_vinteren":null,"Merknader":null,"NummerplateId":null}},{"type":"Feature","id":699,"geometry":{"type":"Point","coordinates":[9.65399036203042,59.6576590815633]},"properties":{"OBJECTID":699,"Type":null,"Materiale":null,"HC_vennlig":null,"Tas_inn_for_vinteren":null,"Merknader":null,"NummerplateId":null}},{"type":"Feature","id":700,"geometry":{"type":"Point","coordinates":[9.65421314345003,59.6577785356367]},"properties":{"OBJECTID":700,"Type":null,"Materiale":null,"HC_vennlig":null,"Tas_inn_for_vinteren":null,"Merknader":null,"NummerplateId":null}},{"type":"Feature","id":701,"geometry":{"type":"Point","coordinates":[9.65423820065651,59.6577972130446]},"properties":{"OBJECTID":701,"Type":null,"Materiale":null,"HC_vennlig":null,"Tas_inn_for_vinteren":null,"Merknader":null,"NummerplateId":null}},{"type":"Feature","id":702,"geometry":{"type":"Point","coordinates":[9.66149673290079,59.6513672091628]},"properties":{"OBJECTID":702,"Type":null,"Materiale":"Tre","HC_vennlig":null,"Tas_inn_for_vinteren":null,"Merknader":null,"NummerplateId":null}},{"type":"Feature","id":703,"geometry":{"type":"Point","coordinates":[9.66120256662139,59.651356299837]},"properties":{"OBJECTID":703,"Type":null,"Materiale":"Tre","HC_vennlig":null,"Tas_inn_for_vinteren":null,"Merknader":null,"NummerplateId":null}},{"type":"Feature","id":704,"geometry":{"type":"Point","coordinates":[9.66110136527399,59.6517070366204]},"properties":{"OBJECTID":704,"Type":"ASVO benker med rygg","Materiale":"Tre","HC_vennlig":null,"Tas_inn_for_vinteren":null,"Merknader":null,"NummerplateId":null}},{"type":"Feature","id":705,"geometry":{"type":"Point","coordinates":[9.66106628476122,59.6517023686883]},"properties":{"OBJECTID":705,"Type":"ASVO benker med rygg","Materiale":"Tre","HC_vennlig":null,"Tas_inn_for_vinteren":null,"Merknader":null,"NummerplateId":null}},{"type":"Feature","id":706,"geometry":{"type":"Point","coordinates":[9.66103599171501,59.6516947482323]},"properties":{"OBJECTID":706,"Type":null,"Materiale":"Tre","HC_vennlig":null,"Tas_inn_for_vinteren":null,"Merknader":null,"NummerplateId":null}},{"type":"Feature","id":707,"geometry":{"type":"Point","coordinates":[9.66168294519541,59.651515547785]},"properties":{"OBJECTID":707,"Type":"ASVO benker med rygg","Materiale":"Tre","HC_vennlig":null,"Tas_inn_for_vinteren":null,"Merknader":null,"NummerplateId":null}},{"type":"Feature","id":708,"geometry":{"type":"Point","coordinates":[9.66590435005553,59.6506990770219]},"properties":{"OBJECTID":708,"Type":null,"Materiale":"Tre","HC_vennlig":null,"Tas_inn_for_vinteren":null,"Merknader":null,"NummerplateId":null}},{"type":"Feature","id":709,"geometry":{"type":"Point","coordinates":[9.6642639658744,59.6509957334124]},"properties":{"OBJECTID":709,"Type":null,"Materiale":"Tre","HC_vennlig":null,"Tas_inn_for_vinteren":null,"Merknader":null,"NummerplateId":null}},{"type":"Feature","id":710,"geometry":{"type":"Point","coordinates":[9.64939224993123,59.627625316544]},"properties":{"OBJECTID":710,"Type":"ASVO benker med rygg","Materiale":"Tre","HC_vennlig":null,"Tas_inn_for_vinteren":null,"Merknader":null,"NummerplateId":null}},{"type":"Feature","id":711,"geometry":{"type":"Point","coordinates":[9.64973631627471,59.62742694962]},"properties":{"OBJECTID":711,"Type":"ASVO benker med rygg","Materiale":"Tre","HC_vennlig":null,"Tas_inn_for_vinteren":null,"Merknader":null,"NummerplateId":null}},{"type":"Feature","id":712,"geometry":{"type":"Point","coordinates":[9.64989766621079,59.6271862998057]},"properties":{"OBJECTID":712,"Type":"ASVO benker med rygg","Materiale":"Tre","HC_vennlig":null,"Tas_inn_for_vinteren":null,"Merknader":null,"NummerplateId":null}},{"type":"Feature","id":713,"geometry":{"type":"Point","coordinates":[9.64966829970814,59.627187683486]},"properties":{"OBJECTID":713,"Type":"ASVO benker med rygg","Materiale":"Tre","HC_vennlig":null,"Tas_inn_for_vinteren":null,"Merknader":null,"NummerplateId":null}},{"type":"Feature","id":714,"geometry":{"type":"Point","coordinates":[9.64936835403637,59.6271419334005]},"properties":{"OBJECTID":714,"Type":"ASVO benker med rygg","Materiale":"Tre","HC_vennlig":null,"Tas_inn_for_vinteren":null,"Merknader":null,"NummerplateId":null}},{"type":"Feature","id":715,"geometry":{"type":"Point","coordinates":[9.6493858995209,59.6271666422325]},"properties":{"OBJECTID":715,"Type":"ASVO benker med rygg","Materiale":"Tre","HC_vennlig":null,"Tas_inn_for_vinteren":null,"Merknader":null,"NummerplateId":null}},{"type":"Feature","id":716,"geometry":{"type":"Point","coordinates":[9.64930255339191,59.6271446785081]},"properties":{"OBJECTID":716,"Type":"ASVO benker med rygg","Materiale":"Tre","HC_vennlig":null,"Tas_inn_for_vinteren":null,"Merknader":null,"NummerplateId":null}},{"type":"Feature","id":717,"geometry":{"type":"Point","coordinates":[9.64926480814139,59.6271516399827]},"properties":{"OBJECTID":717,"Type":"ASVO benker med rygg","Materiale":"Tre","HC_vennlig":null,"Tas_inn_for_vinteren":null,"Merknader":null,"NummerplateId":null}},{"type":"Feature","id":718,"geometry":{"type":"Point","coordinates":[9.649477616617,59.6267238500827]},"properties":{"OBJECTID":718,"Type":"ASVO benker med rygg","Materiale":"Tre","HC_vennlig":null,"Tas_inn_for_vinteren":null,"Merknader":null,"NummerplateId":null}},{"type":"Feature","id":719,"geometry":{"type":"Point","coordinates":[9.64926851305711,59.6267853161408]},"properties":{"OBJECTID":719,"Type":"ASVO benker med rygg","Materiale":"Tre","HC_vennlig":null,"Tas_inn_for_vinteren":null,"Merknader":null,"NummerplateId":null}},{"type":"Feature","id":720,"geometry":{"type":"Point","coordinates":[9.6492969284494,59.6269432082606]},"properties":{"OBJECTID":720,"Type":null,"Materiale":null,"HC_vennlig":null,"Tas_inn_for_vinteren":null,"Merknader":null,"NummerplateId":null}},{"type":"Feature","id":721,"geometry":{"type":"Point","coordinates":[9.64928024868505,59.6269705938268]},"properties":{"OBJECTID":721,"Type":null,"Materiale":null,"HC_vennlig":null,"Tas_inn_for_vinteren":null,"Merknader":null,"NummerplateId":null}},{"type":"Feature","id":722,"geometry":{"type":"Point","coordinates":[9.64897324126347,59.6268710495592]},"properties":{"OBJECTID":722,"Type":null,"Materiale":null,"HC_vennlig":null,"Tas_inn_for_vinteren":null,"Merknader":null,"NummerplateId":null}},{"type":"Feature","id":723,"geometry":{"type":"Point","coordinates":[9.64895717620038,59.6268558737569]},"properties":{"OBJECTID":723,"Type":null,"Materiale":null,"HC_vennlig":null,"Tas_inn_for_vinteren":null,"Merknader":null,"NummerplateId":null}},{"type":"Feature","id":724,"geometry":{"type":"Point","coordinates":[9.64879449127045,59.6266523799123]},"properties":{"OBJECTID":724,"Type":"ASVO benker med rygg","Materiale":"Tre","HC_vennlig":null,"Tas_inn_for_vinteren":null,"Merknader":"Rygg ødelagt","NummerplateId":null}},{"type":"Feature","id":725,"geometry":{"type":"Point","coordinates":[9.64875646134712,59.6266552217032]},"properties":{"OBJECTID":725,"Type":"ASVO benker med rygg","Materiale":"Tre","HC_vennlig":null,"Tas_inn_for_vinteren":null,"Merknader":"En rygg fjernet","NummerplateId":null}},{"type":"Feature","id":726,"geometry":{"type":"Point","coordinates":[9.64871954167168,59.626654958074]},"properties":{"OBJECTID":726,"Type":"ASVO benker med rygg","Materiale":"Tre","HC_vennlig":null,"Tas_inn_for_vinteren":null,"Merknader":null,"NummerplateId":null}},{"type":"Feature","id":727,"geometry":{"type":"Point","coordinates":[9.64864611644449,59.6267297803906]},"properties":{"OBJECTID":727,"Type":null,"Materiale":null,"HC_vennlig":null,"Tas_inn_for_vinteren":null,"Merknader":null,"NummerplateId":null}},{"type":"Feature","id":728,"geometry":{"type":"Point","coordinates":[9.64866530846353,59.6267459501185]},"properties":{"OBJECTID":728,"Type":null,"Materiale":null,"HC_vennlig":null,"Tas_inn_for_vinteren":null,"Merknader":null,"NummerplateId":null}},{"type":"Feature","id":729,"geometry":{"type":"Point","coordinates":[9.64879397456088,59.6267980264164]},"properties":{"OBJECTID":729,"Type":"ASVO benker med rygg","Materiale":"Tre","HC_vennlig":null,"Tas_inn_for_vinteren":null,"Merknader":null,"NummerplateId":null}},{"type":"Feature","id":730,"geometry":{"type":"Point","coordinates":[9.64849349512529,59.6269420138976]},"properties":{"OBJECTID":730,"Type":"ASVO benker med rygg","Materiale":"Tre","HC_vennlig":null,"Tas_inn_for_vinteren":null,"Merknader":null,"NummerplateId":null}},{"type":"Feature","id":731,"geometry":{"type":"Point","coordinates":[9.64846032946184,59.6269548586725]},"properties":{"OBJECTID":731,"Type":"ASVO benker med rygg","Materiale":"Tre","HC_vennlig":null,"Tas_inn_for_vinteren":null,"Merknader":null,"NummerplateId":null}},{"type":"Feature","id":732,"geometry":{"type":"Point","coordinates":[9.64842710066872,59.6269692124006]},"properties":{"OBJECTID":732,"Type":"ASVO benker med rygg","Materiale":"Tre","HC_vennlig":null,"Tas_inn_for_vinteren":null,"Merknader":null,"NummerplateId":null}},{"type":"Feature","id":733,"geometry":{"type":"Point","coordinates":[9.64824912741401,59.626867134332]},"properties":{"OBJECTID":733,"Type":null,"Materiale":null,"HC_vennlig":null,"Tas_inn_for_vinteren":null,"Merknader":null,"NummerplateId":null}},{"type":"Feature","id":734,"geometry":{"type":"Point","coordinates":[9.64827556384793,59.6268880061752]},"properties":{"OBJECTID":734,"Type":null,"Materiale":null,"HC_vennlig":null,"Tas_inn_for_vinteren":null,"Merknader":null,"NummerplateId":null}},{"type":"Feature","id":735,"geometry":{"type":"Point","coordinates":[9.6483141166215,59.6269049162667]},"properties":{"OBJECTID":735,"Type":null,"Materiale":null,"HC_vennlig":null,"Tas_inn_for_vinteren":null,"Merknader":null,"NummerplateId":null}},{"type":"Feature","id":736,"geometry":{"type":"Point","coordinates":[9.64818629786885,59.6267586973833]},"properties":{"OBJECTID":736,"Type":"ASVO benker med rygg","Materiale":"Tre","HC_vennlig":null,"Tas_inn_for_vinteren":null,"Merknader":null,"NummerplateId":null}},{"type":"Feature","id":737,"geometry":{"type":"Point","coordinates":[9.64815803007564,59.6267372706282]},"properties":{"OBJECTID":737,"Type":"ASVO benker med rygg","Materiale":"Tre","HC_vennlig":null,"Tas_inn_for_vinteren":null,"Merknader":null,"NummerplateId":null}},{"type":"Feature","id":738,"geometry":{"type":"Point","coordinates":[9.64814987329105,59.627206629321]},"properties":{"OBJECTID":738,"Type":"ASVO benker med rygg","Materiale":"Tre","HC_vennlig":null,"Tas_inn_for_vinteren":null,"Merknader":"Ganske forfallen","NummerplateId":null}},{"type":"Feature","id":739,"geometry":{"type":"Point","coordinates":[9.64814358897831,59.6272357503789]},"properties":{"OBJECTID":739,"Type":"ASVO benker med rygg","Materiale":"Tre","HC_vennlig":null,"Tas_inn_for_vinteren":null,"Merknader":"Ødelagt. Seter borte","NummerplateId":null}},{"type":"Feature","id":740,"geometry":{"type":"Point","coordinates":[9.64848298973455,59.626786111916]},"properties":{"OBJECTID":740,"Type":null,"Materiale":null,"HC_vennlig":null,"Tas_inn_for_vinteren":null,"Merknader":null,"NummerplateId":null}},{"type":"Feature","id":741,"geometry":{"type":"Point","coordinates":[9.64849847218244,59.6268016121435]},"properties":{"OBJECTID":741,"Type":null,"Materiale":null,"HC_vennlig":null,"Tas_inn_for_vinteren":null,"Merknader":null,"NummerplateId":null}},{"type":"Feature","id":742,"geometry":{"type":"Point","coordinates":[9.64893050260201,59.6266930635488]},"properties":{"OBJECTID":742,"Type":null,"Materiale":null,"HC_vennlig":null,"Tas_inn_for_vinteren":null,"Merknader":null,"NummerplateId":null}},{"type":"Feature","id":743,"geometry":{"type":"Point","coordinates":[9.64894013660617,59.6266785328293]},"properties":{"OBJECTID":743,"Type":null,"Materiale":null,"HC_vennlig":null,"Tas_inn_for_vinteren":null,"Merknader":"Ødelagt","NummerplateId":null}},{"type":"Feature","id":744,"geometry":{"type":"Point","coordinates":[9.64647772216815,59.6273465711245]},"properties":{"OBJECTID":744,"Type":null,"Materiale":null,"HC_vennlig":null,"Tas_inn_for_vinteren":null,"Merknader":null,"NummerplateId":null}},{"type":"Feature","id":745,"geometry":{"type":"Point","coordinates":[9.64574651127448,59.6269035003364]},"properties":{"OBJECTID":745,"Type":null,"Materiale":null,"HC_vennlig":null,"Tas_inn_for_vinteren":null,"Merknader":null,"NummerplateId":null}},{"type":"Feature","id":746,"geometry":{"type":"Point","coordinates":[9.64572331863516,59.6268881428278]},"properties":{"OBJECTID":746,"Type":null,"Materiale":null,"HC_vennlig":null,"Tas_inn_for_vinteren":null,"Merknader":null,"NummerplateId":null}},{"type":"Feature","id":747,"geometry":{"type":"Point","coordinates":[9.64576132113094,59.6268683315478]},"properties":{"OBJECTID":747,"Type":null,"Materiale":null,"HC_vennlig":null,"Tas_inn_for_vinteren":null,"Merknader":null,"NummerplateId":null}},{"type":"Feature","id":748,"geometry":{"type":"Point","coordinates":[9.64610375237272,59.6268278039922]},"properties":{"OBJECTID":748,"Type":null,"Materiale":null,"HC_vennlig":null,"Tas_inn_for_vinteren":null,"Merknader":null,"NummerplateId":null}},{"type":"Feature","id":749,"geometry":{"type":"Point","coordinates":[9.64658893549586,59.6270686450079]},"properties":{"OBJECTID":749,"Type":null,"Materiale":null,"HC_vennlig":null,"Tas_inn_for_vinteren":null,"Merknader":null,"NummerplateId":null}},{"type":"Feature","id":750,"geometry":{"type":"Point","coordinates":[9.64679626887614,59.6270304916298]},"properties":{"OBJECTID":750,"Type":null,"Materiale":"Tre","HC_vennlig":null,"Tas_inn_for_vinteren":null,"Merknader":null,"NummerplateId":null}},{"type":"Feature","id":751,"geometry":{"type":"Point","coordinates":[9.64690628307924,59.6269696334283]},"properties":{"OBJECTID":751,"Type":null,"Materiale":"Tre","HC_vennlig":null,"Tas_inn_for_vinteren":null,"Merknader":null,"NummerplateId":null}},{"type":"Feature","id":752,"geometry":{"type":"Point","coordinates":[9.64693605539413,59.6269202596633]},"properties":{"OBJECTID":752,"Type":null,"Materiale":"Tre","HC_vennlig":null,"Tas_inn_for_vinteren":null,"Merknader":null,"NummerplateId":null}},{"type":"Feature","id":753,"geometry":{"type":"Point","coordinates":[9.64613294809353,59.6266101946279]},"properties":{"OBJECTID":753,"Type":null,"Materiale":"Tre","HC_vennlig":null,"Tas_inn_for_vinteren":null,"Merknader":null,"NummerplateId":null}},{"type":"Feature","id":754,"geometry":{"type":"Point","coordinates":[9.64415248863526,59.6269393269412]},"properties":{"OBJECTID":754,"Type":null,"Materiale":null,"HC_vennlig":null,"Tas_inn_for_vinteren":null,"Merknader":null,"NummerplateId":null}},{"type":"Feature","id":755,"geometry":{"type":"Point","coordinates":[9.64416630475814,59.6269113382826]},"properties":{"OBJECTID":755,"Type":null,"Materiale":null,"HC_vennlig":null,"Tas_inn_for_vinteren":null,"Merknader":null,"NummerplateId":null}},{"type":"Feature","id":756,"geometry":{"type":"Point","coordinates":[9.64483876627373,59.6271528845813]},"properties":{"OBJECTID":756,"Type":null,"Materiale":null,"HC_vennlig":null,"Tas_inn_for_vinteren":null,"Merknader":null,"NummerplateId":null}},{"type":"Feature","id":757,"geometry":{"type":"Point","coordinates":[9.64482354357427,59.6271824822704]},"properties":{"OBJECTID":757,"Type":null,"Materiale":null,"HC_vennlig":null,"Tas_inn_for_vinteren":null,"Merknader":null,"NummerplateId":null}},{"type":"Feature","id":758,"geometry":{"type":"Point","coordinates":[9.64955083138215,59.6284644742141]},"properties":{"OBJECTID":758,"Type":null,"Materiale":null,"HC_vennlig":null,"Tas_inn_for_vinteren":null,"Merknader":null,"NummerplateId":null}},{"type":"Feature","id":759,"geometry":{"type":"Point","coordinates":[9.64963156438987,59.6284798521902]},"properties":{"OBJECTID":759,"Type":null,"Materiale":null,"HC_vennlig":null,"Tas_inn_for_vinteren":null,"Merknader":null,"NummerplateId":null}},{"type":"Feature","id":760,"geometry":{"type":"Point","coordinates":[9.64968555965319,59.628523578838]},"properties":{"OBJECTID":760,"Type":null,"Materiale":null,"HC_vennlig":null,"Tas_inn_for_vinteren":null,"Merknader":null,"NummerplateId":null}},{"type":"Feature","id":761,"geometry":{"type":"Point","coordinates":[9.6496539259417,59.6285667742909]},"properties":{"OBJECTID":761,"Type":null,"Materiale":null,"HC_vennlig":null,"Tas_inn_for_vinteren":null,"Merknader":null,"NummerplateId":null}},{"type":"Feature","id":762,"geometry":{"type":"Point","coordinates":[9.64975160115779,59.6285718022482]},"properties":{"OBJECTID":762,"Type":null,"Materiale":null,"HC_vennlig":null,"Tas_inn_for_vinteren":null,"Merknader":null,"NummerplateId":null}},{"type":"Feature","id":763,"geometry":{"type":"Point","coordinates":[9.64469999613144,59.6649589715807]},"properties":{"OBJECTID":763,"Type":null,"Materiale":null,"HC_vennlig":null,"Tas_inn_for_vinteren":null,"Merknader":null,"NummerplateId":null}},{"type":"Feature","id":764,"geometry":{"type":"Point","coordinates":[9.64449924445208,59.6649572710089]},"properties":{"OBJECTID":764,"Type":null,"Materiale":null,"HC_vennlig":null,"Tas_inn_for_vinteren":null,"Merknader":null,"NummerplateId":null}},{"type":"Feature","id":765,"geometry":{"type":"Point","coordinates":[9.64430203095818,59.6649616178482]},"properties":{"OBJECTID":765,"Type":null,"Materiale":null,"HC_vennlig":null,"Tas_inn_for_vinteren":null,"Merknader":null,"NummerplateId":null}},{"type":"Feature","id":766,"geometry":{"type":"Point","coordinates":[9.64494870078212,59.6644686041514]},"properties":{"OBJECTID":766,"Type":null,"Materiale":"Plast","HC_vennlig":null,"Tas_inn_for_vinteren":null,"Merknader":null,"NummerplateId":null}},{"type":"Feature","id":767,"geometry":{"type":"Point","coordinates":[9.64417636978261,59.6649576218196]},"properties":{"OBJECTID":767,"Type":null,"Materiale":"Plast","HC_vennlig":null,"Tas_inn_for_vinteren":null,"Merknader":null,"NummerplateId":null}},{"type":"Feature","id":770,"geometry":{"type":"Point","coordinates":[9.64482976418614,59.664795525577]},"properties":{"OBJECTID":770,"Type":null,"Materiale":"Tre","HC_vennlig":null,"Tas_inn_for_vinteren":null,"Merknader":null,"NummerplateId":null}},{"type":"Feature","id":771,"geometry":{"type":"Point","coordinates":[9.64497324004629,59.6647897197415]},"properties":{"OBJECTID":771,"Type":null,"Materiale":null,"HC_vennlig":null,"Tas_inn_for_vinteren":null,"Merknader":null,"NummerplateId":null}},{"type":"Feature","id":772,"geometry":{"type":"Point","coordinates":[9.64524883799985,59.66478498644]},"properties":{"OBJECTID":772,"Type":null,"Materiale":null,"HC_vennlig":null,"Tas_inn_for_vinteren":null,"Merknader":null,"NummerplateId":null}},{"type":"Feature","id":773,"geometry":{"type":"Point","coordinates":[9.64518322401002,59.6647312665465]},"properties":{"OBJECTID":773,"Type":null,"Materiale":null,"HC_vennlig":null,"Tas_inn_for_vinteren":null,"Merknader":null,"NummerplateId":null}},{"type":"Feature","id":774,"geometry":{"type":"Point","coordinates":[9.64520308600366,59.6646791683824]},"properties":{"OBJECTID":774,"Type":null,"Materiale":null,"HC_vennlig":null,"Tas_inn_for_vinteren":null,"Merknader":null,"NummerplateId":null}},{"type":"Feature","id":775,"geometry":{"type":"Point","coordinates":[9.6452082832043,59.664624572252]},"properties":{"OBJECTID":775,"Type":null,"Materiale":null,"HC_vennlig":null,"Tas_inn_for_vinteren":null,"Merknader":null,"NummerplateId":null}},{"type":"Feature","id":776,"geometry":{"type":"Point","coordinates":[9.64522030988395,59.6645704112931]},"properties":{"OBJECTID":776,"Type":null,"Materiale":null,"HC_vennlig":null,"Tas_inn_for_vinteren":null,"Merknader":null,"NummerplateId":null}},{"type":"Feature","id":777,"geometry":{"type":"Point","coordinates":[9.64520376010441,59.6645423170216]},"properties":{"OBJECTID":777,"Type":null,"Materiale":null,"HC_vennlig":null,"Tas_inn_for_vinteren":null,"Merknader":null,"NummerplateId":null}},{"type":"Feature","id":778,"geometry":{"type":"Point","coordinates":[9.6451028238649,59.664480301737]},"properties":{"OBJECTID":778,"Type":null,"Materiale":null,"HC_vennlig":null,"Tas_inn_for_vinteren":null,"Merknader":null,"NummerplateId":null}},{"type":"Feature","id":779,"geometry":{"type":"Point","coordinates":[9.64508554958733,59.6644252000644]},"properties":{"OBJECTID":779,"Type":null,"Materiale":"Tre","HC_vennlig":null,"Tas_inn_for_vinteren":null,"Merknader":null,"NummerplateId":null}},{"type":"Feature","id":780,"geometry":{"type":"Point","coordinates":[9.6450918768962,59.664383597832]},"properties":{"OBJECTID":780,"Type":null,"Materiale":"Tre","HC_vennlig":null,"Tas_inn_for_vinteren":null,"Merknader":null,"NummerplateId":null}},{"type":"Feature","id":781,"geometry":{"type":"Point","coordinates":[9.64534674319373,59.6643792051087]},"properties":{"OBJECTID":781,"Type":null,"Materiale":"Tre","HC_vennlig":null,"Tas_inn_for_vinteren":null,"Merknader":null,"NummerplateId":null}},{"type":"Feature","id":782,"geometry":{"type":"Point","coordinates":[9.64533738085706,59.6643568756851]},"properties":{"OBJECTID":782,"Type":null,"Materiale":"Tre","HC_vennlig":null,"Tas_inn_for_vinteren":null,"Merknader":null,"NummerplateId":null}},{"type":"Feature","id":783,"geometry":{"type":"Point","coordinates":[9.64528845476079,59.6642607141937]},"properties":{"OBJECTID":783,"Type":null,"Materiale":"Tre","HC_vennlig":null,"Tas_inn_for_vinteren":null,"Merknader":null,"NummerplateId":null}},{"type":"Feature","id":784,"geometry":{"type":"Point","coordinates":[9.64522223946034,59.6642838319731]},"properties":{"OBJECTID":784,"Type":null,"Materiale":"Tre","HC_vennlig":null,"Tas_inn_for_vinteren":null,"Merknader":null,"NummerplateId":null}},{"type":"Feature","id":785,"geometry":{"type":"Point","coordinates":[9.64510753634064,59.6642648123943]},"properties":{"OBJECTID":785,"Type":null,"Materiale":null,"HC_vennlig":null,"Tas_inn_for_vinteren":null,"Merknader":null,"NummerplateId":null}},{"type":"Feature","id":786,"geometry":{"type":"Point","coordinates":[9.64506870314624,59.6642687246326]},"properties":{"OBJECTID":786,"Type":null,"Materiale":"Tre","HC_vennlig":null,"Tas_inn_for_vinteren":null,"Merknader":null,"NummerplateId":null}},{"type":"Feature","id":787,"geometry":{"type":"Point","coordinates":[9.64495267544442,59.6642944075961]},"properties":{"OBJECTID":787,"Type":null,"Materiale":"Tre","HC_vennlig":null,"Tas_inn_for_vinteren":null,"Merknader":null,"NummerplateId":null}},{"type":"Feature","id":788,"geometry":{"type":"Point","coordinates":[9.64504369970864,59.664299964163]},"properties":{"OBJECTID":788,"Type":null,"Materiale":"Tre","HC_vennlig":null,"Tas_inn_for_vinteren":null,"Merknader":null,"NummerplateId":null}},{"type":"Feature","id":789,"geometry":{"type":"Point","coordinates":[9.64498357875773,59.6643138114375]},"properties":{"OBJECTID":789,"Type":null,"Materiale":null,"HC_vennlig":null,"Tas_inn_for_vinteren":null,"Merknader":null,"NummerplateId":null}},{"type":"Feature","id":790,"geometry":{"type":"Point","coordinates":[9.64502785179356,59.6643146839673]},"properties":{"OBJECTID":790,"Type":null,"Materiale":null,"HC_vennlig":null,"Tas_inn_for_vinteren":null,"Merknader":null,"NummerplateId":null}},{"type":"Feature","id":791,"geometry":{"type":"Point","coordinates":[9.64499878226011,59.6645110057933]},"properties":{"OBJECTID":791,"Type":null,"Materiale":"Plast","HC_vennlig":null,"Tas_inn_for_vinteren":null,"Merknader":null,"NummerplateId":null}},{"type":"Feature","id":792,"geometry":{"type":"Point","coordinates":[9.64496969043028,59.6645375086985]},"properties":{"OBJECTID":792,"Type":null,"Materiale":null,"HC_vennlig":null,"Tas_inn_for_vinteren":null,"Merknader":null,"NummerplateId":null}},{"type":"Feature","id":793,"geometry":{"type":"Point","coordinates":[9.64497101127936,59.6645696874303]},"properties":{"OBJECTID":793,"Type":null,"Materiale":null,"HC_vennlig":null,"Tas_inn_for_vinteren":null,"Merknader":null,"NummerplateId":null}},{"type":"Feature","id":794,"geometry":{"type":"Point","coordinates":[9.64496158794026,59.6647305943181]},"properties":{"OBJECTID":794,"Type":null,"Materiale":null,"HC_vennlig":null,"Tas_inn_for_vinteren":null,"Merknader":null,"NummerplateId":null}},{"type":"Feature","id":795,"geometry":{"type":"Point","coordinates":[9.64879255938309,59.6697145225204]},"properties":{"OBJECTID":795,"Type":null,"Materiale":null,"HC_vennlig":null,"Tas_inn_for_vinteren":null,"Merknader":null,"NummerplateId":null}},{"type":"Feature","id":796,"geometry":{"type":"Point","coordinates":[9.59148500017661,59.6536683330028]},"properties":{"OBJECTID":796,"Type":"Steingrupper","Materiale":"Stein","HC_vennlig":"Nei","Tas_inn_for_vinteren":null,"Merknader":null,"NummerplateId":null}},{"type":"Feature","id":797,"geometry":{"type":"Point","coordinates":[9.54261833281529,59.6739333335609]},"properties":{"OBJECTID":797,"Type":"Tømmerbenk","Materiale":"Tre","HC_vennlig":"Nei","Tas_inn_for_vinteren":null,"Merknader":null,"NummerplateId":null}},{"type":"Feature","id":798,"geometry":{"type":"Point","coordinates":[9.5414033324841,59.6766166666556]},"properties":{"OBJECTID":798,"Type":"Tømmerbenk","Materiale":"Tre","HC_vennlig":"Nei","Tas_inn_for_vinteren":null,"Merknader":null,"NummerplateId":null}},{"type":"Feature","id":799,"geometry":{"type":"Point","coordinates":[9.53864333298977,59.6793000004469]},"properties":{"OBJECTID":799,"Type":"Tømmerbenk","Materiale":"Tre","HC_vennlig":"Nei","Tas_inn_for_vinteren":null,"Merknader":null,"NummerplateId":null}},{"type":"Feature","id":800,"geometry":{"type":"Point","coordinates":[9.53201666726742,59.6803066669996]},"properties":{"OBJECTID":800,"Type":"Steingrupper","Materiale":"Stein","HC_vennlig":"Nei","Tas_inn_for_vinteren":null,"Merknader":null,"NummerplateId":null}},{"type":"Feature","id":801,"geometry":{"type":"Point","coordinates":[9.47986861730061,59.6065266666137]},"properties":{"OBJECTID":801,"Type":null,"Materiale":null,"HC_vennlig":null,"Tas_inn_for_vinteren":null,"Merknader":null,"NummerplateId":null}},{"type":"Feature","id":802,"geometry":{"type":"Point","coordinates":[9.64264926525919,59.6393475139569]},"properties":{"OBJECTID":802,"Type":null,"Materiale":null,"HC_vennlig":null,"Tas_inn_for_vinteren":null,"Merknader":null,"NummerplateId":null}},{"type":"Feature","id":803,"geometry":{"type":"Point","coordinates":[9.64273784930585,59.639368330186]},"properties":{"OBJECTID":803,"Type":"Hvitt betongunderstell","Materiale":null,"HC_vennlig":null,"Tas_inn_for_vinteren":null,"Merknader":null,"NummerplateId":null}},{"type":"Feature","id":804,"geometry":{"type":"Point","coordinates":[9.64477279932206,59.6504735597838]},"properties":{"OBJECTID":804,"Type":null,"Materiale":null,"HC_vennlig":null,"Tas_inn_for_vinteren":null,"Merknader":null,"NummerplateId":null}},{"type":"Feature","id":805,"geometry":{"type":"Point","coordinates":[9.642508348837,59.650278421613]},"properties":{"OBJECTID":805,"Type":null,"Materiale":null,"HC_vennlig":null,"Tas_inn_for_vinteren":null,"Merknader":null,"NummerplateId":null}},{"type":"Feature","id":807,"geometry":{"type":"Point","coordinates":[9.6677370093395,59.6203644005344]},"properties":{"OBJECTID":807,"Type":"ASVO benker uten rygg","Materiale":"Tre","HC_vennlig":"Nei","Tas_inn_for_vinteren":null,"Merknader":null,"NummerplateId":null}},{"type":"Feature","id":808,"geometry":{"type":"Point","coordinates":[9.66835467150619,59.6177339487949]},"properties":{"OBJECTID":808,"Type":"Tømmerbenk","Materiale":"Tre","HC_vennlig":null,"Tas_inn_for_vinteren":null,"Merknader":null,"NummerplateId":null}},{"type":"Feature","id":809,"geometry":{"type":"Point","coordinates":[9.66839552878491,59.6176029491112]},"properties":{"OBJECTID":809,"Type":"Tømmerbenk","Materiale":"Tre","HC_vennlig":null,"Tas_inn_for_vinteren":null,"Merknader":null,"NummerplateId":null}},{"type":"Feature","id":810,"geometry":{"type":"Point","coordinates":[9.6682478749543,59.6175594228883]},"properties":{"OBJECTID":810,"Type":"Tømmerbenk","Materiale":"Tre","HC_vennlig":null,"Tas_inn_for_vinteren":null,"Merknader":null,"NummerplateId":null}},{"type":"Feature","id":811,"geometry":{"type":"Point","coordinates":[9.66807578612999,59.6175822213309]},"properties":{"OBJECTID":811,"Type":"Tømmerbenk","Materiale":"Tre","HC_vennlig":null,"Tas_inn_for_vinteren":null,"Merknader":null,"NummerplateId":null}},{"type":"Feature","id":812,"geometry":{"type":"Point","coordinates":[9.66815842042207,59.617667451327]},"properties":{"OBJECTID":812,"Type":"Tømmerbenk","Materiale":"Tre","HC_vennlig":null,"Tas_inn_for_vinteren":null,"Merknader":null,"NummerplateId":null}},{"type":"Feature","id":813,"geometry":{"type":"Point","coordinates":[9.66709803104496,59.6177554282842]},"properties":{"OBJECTID":813,"Type":null,"Materiale":"Tre","HC_vennlig":null,"Tas_inn_for_vinteren":null,"Merknader":null,"NummerplateId":null}},{"type":"Feature","id":814,"geometry":{"type":"Point","coordinates":[9.66714243425673,59.6175556630222]},"properties":{"OBJECTID":814,"Type":null,"Materiale":"Tre","HC_vennlig":null,"Tas_inn_for_vinteren":null,"Merknader":null,"NummerplateId":null}},{"type":"Feature","id":815,"geometry":{"type":"Point","coordinates":[9.66926486229031,59.6193668056654]},"properties":{"OBJECTID":815,"Type":"ASVO benker med rygg","Materiale":"Tre","HC_vennlig":null,"Tas_inn_for_vinteren":null,"Merknader":null,"NummerplateId":null}},{"type":"Feature","id":816,"geometry":{"type":"Point","coordinates":[9.66921062946,59.6193883186353]},"properties":{"OBJECTID":816,"Type":"ASVO benker med rygg","Materiale":"Tre","HC_vennlig":null,"Tas_inn_for_vinteren":null,"Merknader":null,"NummerplateId":null}},{"type":"Feature","id":817,"geometry":{"type":"Point","coordinates":[9.66947475625416,59.6194688297818]},"properties":{"OBJECTID":817,"Type":"ASVO benker uten rygg","Materiale":"Tre","HC_vennlig":null,"Tas_inn_for_vinteren":null,"Merknader":null,"NummerplateId":null}},{"type":"Feature","id":818,"geometry":{"type":"Point","coordinates":[9.66942269442612,59.6195025294008]},"properties":{"OBJECTID":818,"Type":"ASVO benker uten rygg","Materiale":"Tre","HC_vennlig":null,"Tas_inn_for_vinteren":null,"Merknader":null,"NummerplateId":null}},{"type":"Feature","id":819,"geometry":{"type":"Point","coordinates":[9.66910653506814,59.6197424318268]},"properties":{"OBJECTID":819,"Type":null,"Materiale":"Tre","HC_vennlig":null,"Tas_inn_for_vinteren":null,"Merknader":null,"NummerplateId":null}},{"type":"Feature","id":820,"geometry":{"type":"Point","coordinates":[9.66903626271028,59.6197367352139]},"properties":{"OBJECTID":820,"Type":null,"Materiale":"Tre","HC_vennlig":null,"Tas_inn_for_vinteren":null,"Merknader":null,"NummerplateId":null}},{"type":"Feature","id":821,"geometry":{"type":"Point","coordinates":[9.66927998811905,59.6198490891854]},"properties":{"OBJECTID":821,"Type":null,"Materiale":"Tre","HC_vennlig":null,"Tas_inn_for_vinteren":null,"Merknader":null,"NummerplateId":null}},{"type":"Feature","id":822,"geometry":{"type":"Point","coordinates":[9.66914595387991,59.6198304877876]},"properties":{"OBJECTID":822,"Type":null,"Materiale":"Tre","HC_vennlig":null,"Tas_inn_for_vinteren":null,"Merknader":null,"NummerplateId":null}},{"type":"Feature","id":823,"geometry":{"type":"Point","coordinates":[9.66896038049273,59.6198574735449]},"properties":{"OBJECTID":823,"Type":null,"Materiale":"Tre","HC_vennlig":null,"Tas_inn_for_vinteren":null,"Merknader":null,"NummerplateId":null}},{"type":"Feature","id":824,"geometry":{"type":"Point","coordinates":[9.66889320975267,59.6196581989118]},"properties":{"OBJECTID":824,"Type":null,"Materiale":"Tre","HC_vennlig":null,"Tas_inn_for_vinteren":null,"Merknader":null,"NummerplateId":null}},{"type":"Feature","id":825,"geometry":{"type":"Point","coordinates":[9.66892728575399,59.6196331376306]},"properties":{"OBJECTID":825,"Type":null,"Materiale":"Tre","HC_vennlig":null,"Tas_inn_for_vinteren":null,"Merknader":null,"NummerplateId":null}},{"type":"Feature","id":826,"geometry":{"type":"Point","coordinates":[9.66893647809775,59.6195702696479]},"properties":{"OBJECTID":826,"Type":null,"Materiale":"Tre","HC_vennlig":null,"Tas_inn_for_vinteren":null,"Merknader":null,"NummerplateId":null}},{"type":"Feature","id":827,"geometry":{"type":"Point","coordinates":[9.66904646062196,59.61958681185]},"properties":{"OBJECTID":827,"Type":null,"Materiale":"Tre","HC_vennlig":null,"Tas_inn_for_vinteren":null,"Merknader":null,"NummerplateId":null}},{"type":"Feature","id":828,"geometry":{"type":"Point","coordinates":[9.66902491445002,59.619638313936]},"properties":{"OBJECTID":828,"Type":null,"Materiale":"Tre","HC_vennlig":null,"Tas_inn_for_vinteren":null,"Merknader":null,"NummerplateId":null}},{"type":"Feature","id":829,"geometry":{"type":"Point","coordinates":[9.47594833412252,59.6048099998579]},"properties":{"OBJECTID":829,"Type":"Tømmerbenk","Materiale":"Tre","HC_vennlig":null,"Tas_inn_for_vinteren":null,"Merknader":null,"NummerplateId":null}},{"type":"Feature","id":830,"geometry":{"type":"Point","coordinates":[9.48044395793175,59.6068230301188]},"properties":{"OBJECTID":830,"Type":null,"Materiale":null,"HC_vennlig":null,"Tas_inn_for_vinteren":null,"Merknader":null,"NummerplateId":null}},{"type":"Feature","id":831,"geometry":{"type":"Point","coordinates":[9.48321666622644,59.6054849996396]},"properties":{"OBJECTID":831,"Type":null,"Materiale":null,"HC_vennlig":null,"Tas_inn_for_vinteren":null,"Merknader":null,"NummerplateId":null}},{"type":"Feature","id":832,"geometry":{"type":"Point","coordinates":[9.4831869801575,59.6054383791707]},"properties":{"OBJECTID":832,"Type":null,"Materiale":null,"HC_vennlig":null,"Tas_inn_for_vinteren":null,"Merknader":null,"NummerplateId":null}},{"type":"Feature","id":833,"geometry":{"type":"Point","coordinates":[9.48317977792582,59.6054618461151]},"properties":{"OBJECTID":833,"Type":null,"Materiale":"Tre","HC_vennlig":null,"Tas_inn_for_vinteren":null,"Merknader":null,"NummerplateId":null}},{"type":"Feature","id":834,"geometry":{"type":"Point","coordinates":[9.48338833354092,59.6053833330451]},"properties":{"OBJECTID":834,"Type":null,"Materiale":null,"HC_vennlig":null,"Tas_inn_for_vinteren":null,"Merknader":null,"NummerplateId":null}},{"type":"Feature","id":835,"geometry":{"type":"Point","coordinates":[9.50577026835365,59.5943238471211]},"properties":{"OBJECTID":835,"Type":null,"Materiale":null,"HC_vennlig":null,"Tas_inn_for_vinteren":null,"Merknader":null,"NummerplateId":null}},{"type":"Feature","id":836,"geometry":{"type":"Point","coordinates":[9.50578380364621,59.5942817128416]},"properties":{"OBJECTID":836,"Type":"ASVO benker med rygg","Materiale":"Tre","HC_vennlig":null,"Tas_inn_for_vinteren":null,"Merknader":null,"NummerplateId":null}},{"type":"Feature","id":837,"geometry":{"type":"Point","coordinates":[9.50587999964283,59.5942300001795]},"properties":{"OBJECTID":837,"Type":null,"Materiale":null,"HC_vennlig":null,"Tas_inn_for_vinteren":null,"Merknader":null,"NummerplateId":null}},{"type":"Feature","id":838,"geometry":{"type":"Point","coordinates":[9.50597266627751,59.59430085191]},"properties":{"OBJECTID":838,"Type":null,"Materiale":null,"HC_vennlig":null,"Tas_inn_for_vinteren":null,"Merknader":null,"NummerplateId":null}},{"type":"Feature","id":839,"geometry":{"type":"Point","coordinates":[9.50551166746619,59.5938400000829]},"properties":{"OBJECTID":839,"Type":null,"Materiale":"Tre","HC_vennlig":null,"Tas_inn_for_vinteren":null,"Merknader":null,"NummerplateId":null}},{"type":"Feature","id":840,"geometry":{"type":"Point","coordinates":[9.50539906401434,59.5938370903143]},"properties":{"OBJECTID":840,"Type":null,"Materiale":null,"HC_vennlig":null,"Tas_inn_for_vinteren":null,"Merknader":null,"NummerplateId":null}},{"type":"Feature","id":841,"geometry":{"type":"Point","coordinates":[9.6193685360971,59.6660120431753]},"properties":{"OBJECTID":841,"Type":"Aubade","Materiale":"Tre","HC_vennlig":null,"Tas_inn_for_vinteren":null,"Merknader":null,"NummerplateId":null}},{"type":"Feature","id":842,"geometry":{"type":"Point","coordinates":[9.61937005941177,59.6660526766719]},"properties":{"OBJECTID":842,"Type":"Aubade","Materiale":"Tre","HC_vennlig":null,"Tas_inn_for_vinteren":null,"Merknader":"God kondisjon","NummerplateId":"28"}},{"type":"Feature","id":843,"geometry":{"type":"Point","coordinates":[9.61906700739647,59.6677443755267]},"properties":{"OBJECTID":843,"Type":"Aubade","Materiale":"Tre","HC_vennlig":null,"Tas_inn_for_vinteren":null,"Merknader":null,"NummerplateId":"36"}},{"type":"Feature","id":844,"geometry":{"type":"Point","coordinates":[9.61770918267555,59.6719155605746]},"properties":{"OBJECTID":844,"Type":"Aubade","Materiale":"Tre","HC_vennlig":null,"Tas_inn_for_vinteren":null,"Merknader":null,"NummerplateId":"37"}},{"type":"Feature","id":845,"geometry":{"type":"Point","coordinates":[9.61775448800041,59.6748970662504]},"properties":{"OBJECTID":845,"Type":"Aubade","Materiale":"Tre","HC_vennlig":null,"Tas_inn_for_vinteren":null,"Merknader":null,"NummerplateId":"39"}},{"type":"Feature","id":846,"geometry":{"type":"Point","coordinates":[9.61772964179517,59.6749292955584]},"properties":{"OBJECTID":846,"Type":"Aubade","Materiale":"Tre","HC_vennlig":null,"Tas_inn_for_vinteren":null,"Merknader":null,"NummerplateId":null}},{"type":"Feature","id":847,"geometry":{"type":"Point","coordinates":[9.61769108661247,59.6749561996118]},"properties":{"OBJECTID":847,"Type":"Tømmerbenk","Materiale":"Tre","HC_vennlig":null,"Tas_inn_for_vinteren":null,"Merknader":null,"NummerplateId":null}},{"type":"Feature","id":848,"geometry":{"type":"Point","coordinates":[9.52410737733593,59.5871931831699]},"properties":{"OBJECTID":848,"Type":"ASVO benker uten rygg","Materiale":"Tre","HC_vennlig":null,"Tas_inn_for_vinteren":null,"Merknader":null,"NummerplateId":null}},{"type":"Feature","id":849,"geometry":{"type":"Point","coordinates":[9.52415686182882,59.5871775745978]},"properties":{"OBJECTID":849,"Type":"ASVO benker uten rygg","Materiale":"Tre","HC_vennlig":null,"Tas_inn_for_vinteren":null,"Merknader":null,"NummerplateId":null}},{"type":"Feature","id":850,"geometry":{"type":"Point","coordinates":[9.52419821982608,59.5871693630315]},"properties":{"OBJECTID":850,"Type":"ASVO benker uten rygg","Materiale":"Tre","HC_vennlig":null,"Tas_inn_for_vinteren":null,"Merknader":null,"NummerplateId":null}},{"type":"Feature","id":851,"geometry":{"type":"Point","coordinates":[9.52390070988077,59.5870852294917]},"properties":{"OBJECTID":851,"Type":"Tømmerbenk","Materiale":"Tre","HC_vennlig":null,"Tas_inn_for_vinteren":null,"Merknader":null,"NummerplateId":null}},{"type":"Feature","id":852,"geometry":{"type":"Point","coordinates":[9.52400360394856,59.5871203429183]},"properties":{"OBJECTID":852,"Type":"Tømmerbenk","Materiale":"Tre","HC_vennlig":null,"Tas_inn_for_vinteren":null,"Merknader":null,"NummerplateId":null}},{"type":"Feature","id":853,"geometry":{"type":"Point","coordinates":[9.52412456614073,59.5864687317275]},"properties":{"OBJECTID":853,"Type":"Tømmerbenk","Materiale":"Tre","HC_vennlig":null,"Tas_inn_for_vinteren":null,"Merknader":null,"NummerplateId":null}},{"type":"Feature","id":854,"geometry":{"type":"Point","coordinates":[9.59767166649552,59.6292683331147]},"properties":{"OBJECTID":854,"Type":"Tømmerbenk","Materiale":"Tre","HC_vennlig":null,"Tas_inn_for_vinteren":null,"Merknader":null,"NummerplateId":null}},{"type":"Feature","id":855,"geometry":{"type":"Point","coordinates":[9.59826788038182,59.629437084668]},"properties":{"OBJECTID":855,"Type":"ASVO benker med rygg","Materiale":"Tre","HC_vennlig":null,"Tas_inn_for_vinteren":null,"Merknader":null,"NummerplateId":null}},{"type":"Feature","id":856,"geometry":{"type":"Point","coordinates":[9.59833078930543,59.6294660733452]},"properties":{"OBJECTID":856,"Type":"ASVO benker med rygg","Materiale":"Tre","HC_vennlig":null,"Tas_inn_for_vinteren":null,"Merknader":null,"NummerplateId":null}},{"type":"Feature","id":857,"geometry":{"type":"Point","coordinates":[9.59839905259681,59.6295002172265]},"properties":{"OBJECTID":857,"Type":"ASVO benker med rygg","Materiale":"Tre","HC_vennlig":null,"Tas_inn_for_vinteren":null,"Merknader":null,"NummerplateId":null}},{"type":"Feature","id":858,"geometry":{"type":"Point","coordinates":[9.59863950186493,59.629437875967]},"properties":{"OBJECTID":858,"Type":"ASVO benker med rygg","Materiale":"Tre","HC_vennlig":null,"Tas_inn_for_vinteren":null,"Merknader":null,"NummerplateId":null}},{"type":"Feature","id":859,"geometry":{"type":"Point","coordinates":[9.59844061569129,59.6293242429196]},"properties":{"OBJECTID":859,"Type":"ASVO benker med rygg","Materiale":"Tre","HC_vennlig":null,"Tas_inn_for_vinteren":null,"Merknader":null,"NummerplateId":null}},{"type":"Feature","id":860,"geometry":{"type":"Point","coordinates":[9.59784042865495,59.6299394588899]},"properties":{"OBJECTID":860,"Type":"ASVO benker med rygg","Materiale":"Tre","HC_vennlig":null,"Tas_inn_for_vinteren":null,"Merknader":null,"NummerplateId":null}},{"type":"Feature","id":861,"geometry":{"type":"Point","coordinates":[9.59791982046197,59.6299259285922]},"properties":{"OBJECTID":861,"Type":"ASVO benker med rygg","Materiale":"Tre","HC_vennlig":null,"Tas_inn_for_vinteren":null,"Merknader":null,"NummerplateId":null}},{"type":"Feature","id":862,"geometry":{"type":"Point","coordinates":[9.59850865419902,59.6298767247715]},"properties":{"OBJECTID":862,"Type":null,"Materiale":"Tre","HC_vennlig":null,"Tas_inn_for_vinteren":null,"Merknader":null,"NummerplateId":null}},{"type":"Feature","id":863,"geometry":{"type":"Point","coordinates":[9.59900592695367,59.6299632402398]},"properties":{"OBJECTID":863,"Type":null,"Materiale":"Tre","HC_vennlig":null,"Tas_inn_for_vinteren":null,"Merknader":null,"NummerplateId":null}},{"type":"Feature","id":864,"geometry":{"type":"Point","coordinates":[9.5989705544896,59.6300316050115]},"properties":{"OBJECTID":864,"Type":null,"Materiale":"Tre","HC_vennlig":null,"Tas_inn_for_vinteren":null,"Merknader":null,"NummerplateId":null}},{"type":"Feature","id":865,"geometry":{"type":"Point","coordinates":[9.59895951326911,59.6300821814782]},"properties":{"OBJECTID":865,"Type":"ASVO benker med rygg","Materiale":"Tre","HC_vennlig":null,"Tas_inn_for_vinteren":null,"Merknader":null,"NummerplateId":null}},{"type":"Feature","id":866,"geometry":{"type":"Point","coordinates":[9.59908501968091,59.6300585618022]},"properties":{"OBJECTID":866,"Type":"ASVO benker med rygg","Materiale":"Tre","HC_vennlig":null,"Tas_inn_for_vinteren":null,"Merknader":null,"NummerplateId":null}},{"type":"Feature","id":867,"geometry":{"type":"Point","coordinates":[9.59912858830446,59.6300639078873]},"properties":{"OBJECTID":867,"Type":"ASVO benker med rygg","Materiale":"Tre","HC_vennlig":null,"Tas_inn_for_vinteren":null,"Merknader":null,"NummerplateId":null}},{"type":"Feature","id":868,"geometry":{"type":"Point","coordinates":[9.59880478727904,59.6301430407787]},"properties":{"OBJECTID":868,"Type":"ASVO benker med rygg","Materiale":"Tre","HC_vennlig":null,"Tas_inn_for_vinteren":null,"Merknader":null,"NummerplateId":null}},{"type":"Feature","id":869,"geometry":{"type":"Point","coordinates":[9.59887084768121,59.6302100020464]},"properties":{"OBJECTID":869,"Type":"ASVO benker med rygg","Materiale":"Tre","HC_vennlig":null,"Tas_inn_for_vinteren":null,"Merknader":null,"NummerplateId":null}},{"type":"Feature","id":870,"geometry":{"type":"Point","coordinates":[9.59883227955409,59.6302590510022]},"properties":{"OBJECTID":870,"Type":"ASVO benker med rygg","Materiale":"Tre","HC_vennlig":null,"Tas_inn_for_vinteren":null,"Merknader":null,"NummerplateId":null}},{"type":"Feature","id":871,"geometry":{"type":"Point","coordinates":[9.59880448573689,59.6303027704961]},"properties":{"OBJECTID":871,"Type":"ASVO benker med rygg","Materiale":"Tre","HC_vennlig":null,"Tas_inn_for_vinteren":null,"Merknader":null,"NummerplateId":null}},{"type":"Feature","id":872,"geometry":{"type":"Point","coordinates":[9.59890391622602,59.6303469919276]},"properties":{"OBJECTID":872,"Type":"ASVO benker med rygg","Materiale":"Tre","HC_vennlig":null,"Tas_inn_for_vinteren":null,"Merknader":null,"NummerplateId":null}},{"type":"Feature","id":873,"geometry":{"type":"Point","coordinates":[9.60016782766806,59.6301880308915]},"properties":{"OBJECTID":873,"Type":null,"Materiale":null,"HC_vennlig":null,"Tas_inn_for_vinteren":null,"Merknader":null,"NummerplateId":null}},{"type":"Feature","id":874,"geometry":{"type":"Point","coordinates":[9.60020453749544,59.6302219527763]},"properties":{"OBJECTID":874,"Type":null,"Materiale":null,"HC_vennlig":null,"Tas_inn_for_vinteren":null,"Merknader":null,"NummerplateId":null}},{"type":"Feature","id":875,"geometry":{"type":"Point","coordinates":[9.60068294088229,59.6304493189423]},"properties":{"OBJECTID":875,"Type":"ASVO benker med rygg","Materiale":"Tre","HC_vennlig":null,"Tas_inn_for_vinteren":null,"Merknader":null,"NummerplateId":null}},{"type":"Feature","id":876,"geometry":{"type":"Point","coordinates":[9.600813426848,59.6304558943365]},"properties":{"OBJECTID":876,"Type":"ASVO benker med rygg","Materiale":"Tre","HC_vennlig":null,"Tas_inn_for_vinteren":null,"Merknader":null,"NummerplateId":null}},{"type":"Feature","id":877,"geometry":{"type":"Point","coordinates":[9.60093656185595,59.6304888901573]},"properties":{"OBJECTID":877,"Type":"ASVO benker med rygg","Materiale":"Tre","HC_vennlig":null,"Tas_inn_for_vinteren":null,"Merknader":null,"NummerplateId":null}},{"type":"Feature","id":878,"geometry":{"type":"Point","coordinates":[9.60105263712555,59.6305180550237]},"properties":{"OBJECTID":878,"Type":"ASVO benker med rygg","Materiale":"Tre","HC_vennlig":null,"Tas_inn_for_vinteren":null,"Merknader":null,"NummerplateId":null}},{"type":"Feature","id":879,"geometry":{"type":"Point","coordinates":[9.60094882716805,59.6305534163911]},"properties":{"OBJECTID":879,"Type":"ASVO benker med rygg","Materiale":"Tre","HC_vennlig":null,"Tas_inn_for_vinteren":null,"Merknader":null,"NummerplateId":null}},{"type":"Feature","id":880,"geometry":{"type":"Point","coordinates":[9.60087105541096,59.6305671269832]},"properties":{"OBJECTID":880,"Type":"ASVO benker med rygg","Materiale":"Tre","HC_vennlig":null,"Tas_inn_for_vinteren":null,"Merknader":null,"NummerplateId":null}},{"type":"Feature","id":881,"geometry":{"type":"Point","coordinates":[9.60078850374231,59.6305820600576]},"properties":{"OBJECTID":881,"Type":"ASVO benker med rygg","Materiale":"Tre","HC_vennlig":null,"Tas_inn_for_vinteren":null,"Merknader":null,"NummerplateId":null}},{"type":"Feature","id":882,"geometry":{"type":"Point","coordinates":[9.60195833278651,59.6303966670666]},"properties":{"OBJECTID":882,"Type":null,"Materiale":"Stein","HC_vennlig":null,"Tas_inn_for_vinteren":null,"Merknader":null,"NummerplateId":null}},{"type":"Feature","id":883,"geometry":{"type":"Point","coordinates":[9.65881957282666,59.6236931970759]},"properties":{"OBJECTID":883,"Type":"Tømmerbenk","Materiale":"Tre","HC_vennlig":null,"Tas_inn_for_vinteren":null,"Merknader":null,"NummerplateId":null}},{"type":"Feature","id":884,"geometry":{"type":"Point","coordinates":[9.57898666711303,59.6680649998063]},"properties":{"OBJECTID":884,"Type":"Tømmerbenk","Materiale":"Tre","HC_vennlig":null,"Tas_inn_for_vinteren":null,"Merknader":null,"NummerplateId":null}},{"type":"Feature","id":885,"geometry":{"type":"Point","coordinates":[9.57176085009558,59.6671755425563]},"properties":{"OBJECTID":885,"Type":"ASVO benker med rygg","Materiale":"Tre","HC_vennlig":null,"Tas_inn_for_vinteren":null,"Merknader":null,"NummerplateId":null}},{"type":"Feature","id":886,"geometry":{"type":"Point","coordinates":[9.58796666580575,59.6627400001379]},"properties":{"OBJECTID":886,"Type":"ASVO benker med rygg","Materiale":"Tre","HC_vennlig":null,"Tas_inn_for_vinteren":null,"Merknader":null,"NummerplateId":"53"}},{"type":"Feature","id":887,"geometry":{"type":"Point","coordinates":[9.6306993008302,59.6265190676157]},"properties":{"OBJECTID":887,"Type":"ASVO benker uten rygg","Materiale":"Tre","HC_vennlig":null,"Tas_inn_for_vinteren":null,"Merknader":null,"NummerplateId":null}},{"type":"Feature","id":888,"geometry":{"type":"Point","coordinates":[9.63093481785563,59.6263924922581]},"properties":{"OBJECTID":888,"Type":"ASVO benker uten rygg","Materiale":"Tre","HC_vennlig":null,"Tas_inn_for_vinteren":null,"Merknader":null,"NummerplateId":null}},{"type":"Feature","id":889,"geometry":{"type":"Point","coordinates":[9.63947074063724,59.6882125728627]},"properties":{"OBJECTID":889,"Type":"Champetre forlenget","Materiale":"Tre","HC_vennlig":null,"Tas_inn_for_vinteren":null,"Merknader":null,"NummerplateId":null}},{"type":"Feature","id":890,"geometry":{"type":"Point","coordinates":[9.63950811224633,59.6882258248317]},"properties":{"OBJECTID":890,"Type":"Champetre forlenget","Materiale":"Tre","HC_vennlig":null,"Tas_inn_for_vinteren":null,"Merknader":null,"NummerplateId":null}},{"type":"Feature","id":891,"geometry":{"type":"Point","coordinates":[9.639349033315,59.6880222121288]},"properties":{"OBJECTID":891,"Type":"Champetre forlenget","Materiale":"Tre","HC_vennlig":null,"Tas_inn_for_vinteren":null,"Merknader":null,"NummerplateId":null}},{"type":"Feature","id":892,"geometry":{"type":"Point","coordinates":[9.63937917763164,59.6879979154867]},"properties":{"OBJECTID":892,"Type":"Champetre forlenget","Materiale":"Tre","HC_vennlig":null,"Tas_inn_for_vinteren":null,"Merknader":null,"NummerplateId":null}},{"type":"Feature","id":893,"geometry":{"type":"Point","coordinates":[9.63819269155327,59.6887157967259]},"properties":{"OBJECTID":893,"Type":"Champetre forlenget","Materiale":"Tre","HC_vennlig":null,"Tas_inn_for_vinteren":null,"Merknader":null,"NummerplateId":null}},{"type":"Feature","id":894,"geometry":{"type":"Point","coordinates":[9.63814135656863,59.6887011206916]},"properties":{"OBJECTID":894,"Type":"Champetre forlenget","Materiale":"Tre","HC_vennlig":null,"Tas_inn_for_vinteren":null,"Merknader":null,"NummerplateId":null}},{"type":"Feature","id":895,"geometry":{"type":"Point","coordinates":[9.63760311656544,59.689071300338]},"properties":{"OBJECTID":895,"Type":"Champetre forlenget","Materiale":"Tre","HC_vennlig":null,"Tas_inn_for_vinteren":null,"Merknader":null,"NummerplateId":null}},{"type":"Feature","id":896,"geometry":{"type":"Point","coordinates":[9.63729969919825,59.6891969333671]},"properties":{"OBJECTID":896,"Type":"Champetre forlenget","Materiale":"Tre","HC_vennlig":null,"Tas_inn_for_vinteren":null,"Merknader":null,"NummerplateId":null}},{"type":"Feature","id":897,"geometry":{"type":"Point","coordinates":[9.63802218926286,59.6891272298408]},"properties":{"OBJECTID":897,"Type":"Hvitt betongunderstell","Materiale":null,"HC_vennlig":null,"Tas_inn_for_vinteren":null,"Merknader":null,"NummerplateId":null}},{"type":"Feature","id":898,"geometry":{"type":"Point","coordinates":[9.63816200053143,59.6890830162803]},"properties":{"OBJECTID":898,"Type":"Hvitt betongunderstell","Materiale":null,"HC_vennlig":null,"Tas_inn_for_vinteren":null,"Merknader":null,"NummerplateId":null}},{"type":"Feature","id":899,"geometry":{"type":"Point","coordinates":[9.62682291620772,59.6807142333058]},"properties":{"OBJECTID":899,"Type":"ASVO benker med rygg","Materiale":"Tre","HC_vennlig":null,"Tas_inn_for_vinteren":null,"Merknader":null,"NummerplateId":null}},{"type":"Feature","id":900,"geometry":{"type":"Point","coordinates":[9.62703535064081,59.6809362162541]},"properties":{"OBJECTID":900,"Type":"ASVO benker med rygg","Materiale":"Tre","HC_vennlig":null,"Tas_inn_for_vinteren":null,"Merknader":null,"NummerplateId":null}},{"type":"Feature","id":901,"geometry":{"type":"Point","coordinates":[9.62529475073708,59.6808622664466]},"properties":{"OBJECTID":901,"Type":null,"Materiale":null,"HC_vennlig":null,"Tas_inn_for_vinteren":null,"Merknader":null,"NummerplateId":null}},{"type":"Feature","id":902,"geometry":{"type":"Point","coordinates":[9.62640864544921,59.6799055053034]},"properties":{"OBJECTID":902,"Type":null,"Materiale":"Plast","HC_vennlig":null,"Tas_inn_for_vinteren":null,"Merknader":null,"NummerplateId":null}},{"type":"Feature","id":903,"geometry":{"type":"Point","coordinates":[9.64809558396823,59.6669786331465]},"properties":{"OBJECTID":903,"Type":"ASVO benker uten rygg","Materiale":"Tre","HC_vennlig":null,"Tas_inn_for_vinteren":null,"Merknader":null,"NummerplateId":null}},{"type":"Feature","id":904,"geometry":{"type":"Point","coordinates":[9.64819261701228,59.6670380495549]},"properties":{"OBJECTID":904,"Type":"ASVO benker uten rygg","Materiale":"Tre","HC_vennlig":null,"Tas_inn_for_vinteren":null,"Merknader":null,"NummerplateId":null}},{"type":"Feature","id":905,"geometry":{"type":"Point","coordinates":[9.64015459661018,59.6653102322973]},"properties":{"OBJECTID":905,"Type":"Aubade","Materiale":"Tre","HC_vennlig":null,"Tas_inn_for_vinteren":null,"Merknader":null,"NummerplateId":null}},{"type":"Feature","id":906,"geometry":{"type":"Point","coordinates":[9.63819363411766,59.6645889829621]},"properties":{"OBJECTID":906,"Type":"ASVO benker med rygg","Materiale":"Tre","HC_vennlig":null,"Tas_inn_for_vinteren":null,"Merknader":null,"NummerplateId":null}},{"type":"Feature","id":907,"geometry":{"type":"Point","coordinates":[9.62817771693868,59.6643985497178]},"properties":{"OBJECTID":907,"Type":null,"Materiale":null,"HC_vennlig":null,"Tas_inn_for_vinteren":null,"Merknader":null,"NummerplateId":null}},{"type":"Feature","id":908,"geometry":{"type":"Point","coordinates":[9.62816260047109,59.6644212669242]},"properties":{"OBJECTID":908,"Type":null,"Materiale":null,"HC_vennlig":null,"Tas_inn_for_vinteren":null,"Merknader":null,"NummerplateId":null}},{"type":"Feature","id":909,"geometry":{"type":"Point","coordinates":[9.63669877976794,59.6580499517098]},"properties":{"OBJECTID":909,"Type":null,"Materiale":"Betong","HC_vennlig":null,"Tas_inn_for_vinteren":null,"Merknader":null,"NummerplateId":null}},{"type":"Feature","id":910,"geometry":{"type":"Point","coordinates":[9.63205170046374,59.6577372997723]},"properties":{"OBJECTID":910,"Type":"ASVO benker med rygg","Materiale":"Tre","HC_vennlig":null,"Tas_inn_for_vinteren":null,"Merknader":null,"NummerplateId":null}},{"type":"Feature","id":911,"geometry":{"type":"Point","coordinates":[9.63190361624551,59.6578746501133]},"properties":{"OBJECTID":911,"Type":"Aubade","Materiale":"Tre","HC_vennlig":null,"Tas_inn_for_vinteren":null,"Merknader":null,"NummerplateId":null}},{"type":"Feature","id":912,"geometry":{"type":"Point","coordinates":[9.63179868330809,59.6581893665772]},"properties":{"OBJECTID":912,"Type":"Aubade","Materiale":"Tre","HC_vennlig":null,"Tas_inn_for_vinteren":null,"Merknader":null,"NummerplateId":null}},{"type":"Feature","id":913,"geometry":{"type":"Point","coordinates":[9.6379641209757,59.6756527558557]},"properties":{"OBJECTID":913,"Type":"Aubade","Materiale":"Tre","HC_vennlig":null,"Tas_inn_for_vinteren":null,"Merknader":null,"NummerplateId":null}},{"type":"Feature","id":914,"geometry":{"type":"Point","coordinates":[9.64331804913862,59.6675364666705]},"properties":{"OBJECTID":914,"Type":"ASVO benker uten rygg","Materiale":"Tre","HC_vennlig":null,"Tas_inn_for_vinteren":null,"Merknader":null,"NummerplateId":null}},{"type":"Feature","id":915,"geometry":{"type":"Point","coordinates":[9.64336346598554,59.6675597608101]},"properties":{"OBJECTID":915,"Type":"ASVO benker uten rygg","Materiale":"Tre","HC_vennlig":null,"Tas_inn_for_vinteren":null,"Merknader":null,"NummerplateId":null}},{"type":"Feature","id":916,"geometry":{"type":"Point","coordinates":[9.64401703259413,59.6665018162499]},"properties":{"OBJECTID":916,"Type":"Oslobenker","Materiale":null,"HC_vennlig":null,"Tas_inn_for_vinteren":null,"Merknader":null,"NummerplateId":null}},{"type":"Feature","id":917,"geometry":{"type":"Point","coordinates":[9.64429226753351,59.6652678999719]},"properties":{"OBJECTID":917,"Type":"Oslobenker","Materiale":null,"HC_vennlig":null,"Tas_inn_for_vinteren":null,"Merknader":null,"NummerplateId":null}},{"type":"Feature","id":918,"geometry":{"type":"Point","coordinates":[9.64202065611918,59.6318005920376]},"properties":{"OBJECTID":918,"Type":"ASVO benker med rygg","Materiale":"Tre","HC_vennlig":null,"Tas_inn_for_vinteren":null,"Merknader":null,"NummerplateId":null}},{"type":"Feature","id":919,"geometry":{"type":"Point","coordinates":[9.64220748514393,59.6315287563828]},"properties":{"OBJECTID":919,"Type":"ASVO benker med rygg","Materiale":"Tre","HC_vennlig":null,"Tas_inn_for_vinteren":null,"Merknader":null,"NummerplateId":null}},{"type":"Feature","id":920,"geometry":{"type":"Point","coordinates":[9.65938424986271,59.6728214666931]},"properties":{"OBJECTID":920,"Type":null,"Materiale":null,"HC_vennlig":null,"Tas_inn_for_vinteren":null,"Merknader":null,"NummerplateId":null}},{"type":"Feature","id":921,"geometry":{"type":"Point","coordinates":[9.65943871751231,59.6726840997792]},"properties":{"OBJECTID":921,"Type":"ASVO benker uten rygg","Materiale":"Tre","HC_vennlig":null,"Tas_inn_for_vinteren":null,"Merknader":null,"NummerplateId":null}},{"type":"Feature","id":922,"geometry":{"type":"Point","coordinates":[9.65946826717767,59.6726589832843]},"properties":{"OBJECTID":922,"Type":"ASVO benker med rygg","Materiale":"Tre","HC_vennlig":null,"Tas_inn_for_vinteren":null,"Merknader":null,"NummerplateId":null}},{"type":"Feature","id":923,"geometry":{"type":"Point","coordinates":[9.65607736952436,59.6717234154362]},"properties":{"OBJECTID":923,"Type":"ASVO benker med rygg","Materiale":"Tre","HC_vennlig":null,"Tas_inn_for_vinteren":null,"Merknader":null,"NummerplateId":null}},{"type":"Feature","id":924,"geometry":{"type":"Point","coordinates":[9.65605756720285,59.6717065925227]},"properties":{"OBJECTID":924,"Type":"ASVO benker med rygg","Materiale":"Tre","HC_vennlig":null,"Tas_inn_for_vinteren":null,"Merknader":null,"NummerplateId":null}},{"type":"Feature","id":925,"geometry":{"type":"Point","coordinates":[9.66541500171327,59.6707184222034]},"properties":{"OBJECTID":925,"Type":null,"Materiale":"Tre","HC_vennlig":null,"Tas_inn_for_vinteren":null,"Merknader":null,"NummerplateId":null}},{"type":"Feature","id":926,"geometry":{"type":"Point","coordinates":[9.67568265468179,59.6698994875697]},"properties":{"OBJECTID":926,"Type":"ASVO benker med rygg","Materiale":"Tre","HC_vennlig":null,"Tas_inn_for_vinteren":null,"Merknader":null,"NummerplateId":null}},{"type":"Feature","id":927,"geometry":{"type":"Point","coordinates":[9.67566558505784,59.6698773086012]},"properties":{"OBJECTID":927,"Type":"ASVO benker med rygg","Materiale":"Tre","HC_vennlig":null,"Tas_inn_for_vinteren":null,"Merknader":null,"NummerplateId":null}},{"type":"Feature","id":928,"geometry":{"type":"Point","coordinates":[9.67518348325517,59.6681242836865]},"properties":{"OBJECTID":928,"Type":"ASVO benker uten rygg","Materiale":"Tre","HC_vennlig":null,"Tas_inn_for_vinteren":null,"Merknader":null,"NummerplateId":null}},{"type":"Feature","id":929,"geometry":{"type":"Point","coordinates":[9.67516810006727,59.6680679664956]},"properties":{"OBJECTID":929,"Type":"ASVO benker uten rygg","Materiale":"Tre","HC_vennlig":null,"Tas_inn_for_vinteren":null,"Merknader":null,"NummerplateId":null}},{"type":"Feature","id":930,"geometry":{"type":"Point","coordinates":[9.6744758335677,59.6605183665468]},"properties":{"OBJECTID":930,"Type":"ASVO benker med rygg","Materiale":"Tre","HC_vennlig":null,"Tas_inn_for_vinteren":null,"Merknader":null,"NummerplateId":null}},{"type":"Feature","id":931,"geometry":{"type":"Point","coordinates":[9.67447055564614,59.6605303065924]},"properties":{"OBJECTID":931,"Type":"ASVO benker med rygg","Materiale":"Tre","HC_vennlig":null,"Tas_inn_for_vinteren":null,"Merknader":null,"NummerplateId":null}},{"type":"Feature","id":932,"geometry":{"type":"Point","coordinates":[9.67409975018686,59.6614277496626]},"properties":{"OBJECTID":932,"Type":"ASVO benker med rygg","Materiale":"Tre","HC_vennlig":null,"Tas_inn_for_vinteren":null,"Merknader":null,"NummerplateId":null}},{"type":"Feature","id":933,"geometry":{"type":"Point","coordinates":[9.62641836843243,59.6797790928276]},"properties":{"OBJECTID":933,"Type":"ASVO benker uten rygg","Materiale":"Tre","HC_vennlig":null,"Tas_inn_for_vinteren":null,"Merknader":null,"NummerplateId":null}},{"type":"Feature","id":934,"geometry":{"type":"Point","coordinates":[9.62637200620669,59.6797656277312]},"properties":{"OBJECTID":934,"Type":"ASVO benker uten rygg","Materiale":"Tre","HC_vennlig":null,"Tas_inn_for_vinteren":null,"Merknader":null,"NummerplateId":null}},{"type":"Feature","id":935,"geometry":{"type":"Point","coordinates":[9.64689521667675,59.6604983835985]},"properties":{"OBJECTID":935,"Type":null,"Materiale":null,"HC_vennlig":null,"Tas_inn_for_vinteren":null,"Merknader":"Barnebenk","NummerplateId":null}},{"type":"Feature","id":936,"geometry":{"type":"Point","coordinates":[9.64687909948695,59.6604906001704]},"properties":{"OBJECTID":936,"Type":null,"Materiale":null,"HC_vennlig":null,"Tas_inn_for_vinteren":null,"Merknader":"Barnebenk","NummerplateId":null}},{"type":"Feature","id":937,"geometry":{"type":"Point","coordinates":[9.64685074648425,59.6604700572069]},"properties":{"OBJECTID":937,"Type":"ASVO benker med rygg","Materiale":"Tre","HC_vennlig":null,"Tas_inn_for_vinteren":null,"Merknader":null,"NummerplateId":null}},{"type":"Feature","id":938,"geometry":{"type":"Point","coordinates":[9.64681981885582,59.6605505511335]},"properties":{"OBJECTID":938,"Type":null,"Materiale":"Plast","HC_vennlig":null,"Tas_inn_for_vinteren":null,"Merknader":"Mange LoopArcs","NummerplateId":null}},{"type":"Feature","id":939,"geometry":{"type":"Point","coordinates":[9.65599901618808,59.6579104002757]},"properties":{"OBJECTID":939,"Type":"ASVO benker uten rygg","Materiale":"Tre","HC_vennlig":null,"Tas_inn_for_vinteren":null,"Merknader":null,"NummerplateId":null}},{"type":"Feature","id":940,"geometry":{"type":"Point","coordinates":[9.65629476979685,59.6579557509838]},"properties":{"OBJECTID":940,"Type":"ASVO benker uten rygg","Materiale":"Tre","HC_vennlig":null,"Tas_inn_for_vinteren":null,"Merknader":null,"NummerplateId":null}},{"type":"Feature","id":941,"geometry":{"type":"Point","coordinates":[9.66399598292413,59.6653032497167]},"properties":{"OBJECTID":941,"Type":"ASVO benker med rygg","Materiale":"Tre","HC_vennlig":null,"Tas_inn_for_vinteren":null,"Merknader":null,"NummerplateId":null}},{"type":"Feature","id":942,"geometry":{"type":"Point","coordinates":[9.66389205759095,59.6612498092534]},"properties":{"OBJECTID":942,"Type":"ASVO benker med rygg","Materiale":"Tre","HC_vennlig":null,"Tas_inn_for_vinteren":null,"Merknader":null,"NummerplateId":null}},{"type":"Feature","id":943,"geometry":{"type":"Point","coordinates":[9.67234691744497,59.6582731503852]},"properties":{"OBJECTID":943,"Type":null,"Materiale":"Tre","HC_vennlig":null,"Tas_inn_for_vinteren":null,"Merknader":null,"NummerplateId":null}},{"type":"Feature","id":944,"geometry":{"type":"Point","coordinates":[9.66383676713784,59.6498358334008]},"properties":{"OBJECTID":944,"Type":"ASVO benker med rygg","Materiale":"Tre","HC_vennlig":null,"Tas_inn_for_vinteren":null,"Merknader":null,"NummerplateId":null}},{"type":"Feature","id":945,"geometry":{"type":"Point","coordinates":[9.66375528342786,59.6497537667973]},"properties":{"OBJECTID":945,"Type":"ASVO benker med rygg","Materiale":"Tre","HC_vennlig":null,"Tas_inn_for_vinteren":null,"Merknader":null,"NummerplateId":null}},{"type":"Feature","id":946,"geometry":{"type":"Point","coordinates":[9.66377625014694,59.6497676668641]},"properties":{"OBJECTID":946,"Type":"ASVO benker uten rygg","Materiale":"Tre","HC_vennlig":null,"Tas_inn_for_vinteren":null,"Merknader":null,"NummerplateId":null}},{"type":"Feature","id":947,"geometry":{"type":"Point","coordinates":[9.66316541635983,59.6498857665666]},"properties":{"OBJECTID":947,"Type":"ASVO benker med rygg","Materiale":"Tre","HC_vennlig":null,"Tas_inn_for_vinteren":null,"Merknader":null,"NummerplateId":null}},{"type":"Feature","id":948,"geometry":{"type":"Point","coordinates":[9.66287833300386,59.6499259665413]},"properties":{"OBJECTID":948,"Type":"ASVO benker med rygg","Materiale":"Tre","HC_vennlig":null,"Tas_inn_for_vinteren":null,"Merknader":null,"NummerplateId":null}},{"type":"Feature","id":949,"geometry":{"type":"Point","coordinates":[9.66375958042121,59.6503710202949]},"properties":{"OBJECTID":949,"Type":"ASVO benker med rygg","Materiale":"Tre","HC_vennlig":null,"Tas_inn_for_vinteren":null,"Merknader":null,"NummerplateId":null}},{"type":"Feature","id":950,"geometry":{"type":"Point","coordinates":[9.66481703301639,59.6428376504422]},"properties":{"OBJECTID":950,"Type":"ASVO benker med rygg","Materiale":"Tre","HC_vennlig":null,"Tas_inn_for_vinteren":null,"Merknader":null,"NummerplateId":null}},{"type":"Feature","id":951,"geometry":{"type":"Point","coordinates":[9.52338491578716,59.7092699834906]},"properties":{"OBJECTID":951,"Type":"ASVO benker med rygg","Materiale":null,"HC_vennlig":null,"Tas_inn_for_vinteren":null,"Merknader":null,"NummerplateId":null}},{"type":"Feature","id":952,"geometry":{"type":"Point","coordinates":[9.52329466646669,59.7087137668986]},"properties":{"OBJECTID":952,"Type":null,"Materiale":"Tre","HC_vennlig":null,"Tas_inn_for_vinteren":null,"Merknader":null,"NummerplateId":null}},{"type":"Feature","id":953,"geometry":{"type":"Point","coordinates":[9.52310589953616,59.7086623002464]},"properties":{"OBJECTID":953,"Type":"ASVO benker med rygg","Materiale":"Tre","HC_vennlig":null,"Tas_inn_for_vinteren":null,"Merknader":null,"NummerplateId":null}},{"type":"Feature","id":954,"geometry":{"type":"Point","coordinates":[9.52290265012723,59.7086125334045]},"properties":{"OBJECTID":954,"Type":null,"Materiale":null,"HC_vennlig":null,"Tas_inn_for_vinteren":null,"Merknader":null,"NummerplateId":null}},{"type":"Feature","id":955,"geometry":{"type":"Point","coordinates":[9.52260926619183,59.708539533122]},"properties":{"OBJECTID":955,"Type":"ASVO benker med rygg","Materiale":"Tre","HC_vennlig":null,"Tas_inn_for_vinteren":null,"Merknader":null,"NummerplateId":null}},{"type":"Feature","id":956,"geometry":{"type":"Point","coordinates":[9.52231163402879,59.7084574004158]},"properties":{"OBJECTID":956,"Type":"ASVO benker med rygg","Materiale":"Tre","HC_vennlig":null,"Tas_inn_for_vinteren":null,"Merknader":null,"NummerplateId":null}},{"type":"Feature","id":957,"geometry":{"type":"Point","coordinates":[9.522980182558,59.7079037165554]},"properties":{"OBJECTID":957,"Type":null,"Materiale":"Tre","HC_vennlig":null,"Tas_inn_for_vinteren":null,"Merknader":null,"NummerplateId":null}},{"type":"Feature","id":958,"geometry":{"type":"Point","coordinates":[9.52324796691304,59.7079571835703]},"properties":{"OBJECTID":958,"Type":null,"Materiale":"Tre","HC_vennlig":null,"Tas_inn_for_vinteren":null,"Merknader":null,"NummerplateId":null}},{"type":"Feature","id":959,"geometry":{"type":"Point","coordinates":[9.52304501732779,59.7088427332345]},"properties":{"OBJECTID":959,"Type":"ASVO benker med rygg","Materiale":"Tre","HC_vennlig":null,"Tas_inn_for_vinteren":null,"Merknader":null,"NummerplateId":null}},{"type":"Feature","id":960,"geometry":{"type":"Point","coordinates":[9.52296298823051,59.7088304944184]},"properties":{"OBJECTID":960,"Type":"ASVO benker med rygg","Materiale":"Tre","HC_vennlig":null,"Tas_inn_for_vinteren":null,"Merknader":null,"NummerplateId":null}},{"type":"Feature","id":961,"geometry":{"type":"Point","coordinates":[9.52300851748179,59.7088356731737]},"properties":{"OBJECTID":961,"Type":"ASVO benker med rygg","Materiale":"Tre","HC_vennlig":null,"Tas_inn_for_vinteren":null,"Merknader":null,"NummerplateId":null}},{"type":"Feature","id":962,"geometry":{"type":"Point","coordinates":[9.52292532603319,59.7088220641488]},"properties":{"OBJECTID":962,"Type":"ASVO benker med rygg","Materiale":"Tre","HC_vennlig":null,"Tas_inn_for_vinteren":null,"Merknader":null,"NummerplateId":null}},{"type":"Feature","id":963,"geometry":{"type":"Point","coordinates":[9.52289605350917,59.7088171115834]},"properties":{"OBJECTID":963,"Type":"ASVO benker med rygg","Materiale":"Tre","HC_vennlig":null,"Tas_inn_for_vinteren":null,"Merknader":null,"NummerplateId":null}},{"type":"Feature","id":964,"geometry":{"type":"Point","coordinates":[9.52285639728551,59.708808911934]},"properties":{"OBJECTID":964,"Type":"ASVO benker med rygg","Materiale":"Tre","HC_vennlig":null,"Tas_inn_for_vinteren":null,"Merknader":null,"NummerplateId":null}},{"type":"Feature","id":965,"geometry":{"type":"Point","coordinates":[9.60279868318843,59.6289459663013]},"properties":{"OBJECTID":965,"Type":null,"Materiale":null,"HC_vennlig":null,"Tas_inn_for_vinteren":null,"Merknader":null,"NummerplateId":null}},{"type":"Feature","id":966,"geometry":{"type":"Point","coordinates":[9.60275471167886,59.629041364691]},"properties":{"OBJECTID":966,"Type":null,"Materiale":null,"HC_vennlig":null,"Tas_inn_for_vinteren":null,"Merknader":null,"NummerplateId":null}},{"type":"Feature","id":967,"geometry":{"type":"Point","coordinates":[9.60275909205768,59.6290146038652]},"properties":{"OBJECTID":967,"Type":"Hvitt betongunderstell","Materiale":null,"HC_vennlig":null,"Tas_inn_for_vinteren":null,"Merknader":null,"NummerplateId":null}},{"type":"Feature","id":968,"geometry":{"type":"Point","coordinates":[9.59941546810647,59.6284055492227]},"properties":{"OBJECTID":968,"Type":"Champetre forlenget","Materiale":"Tre","HC_vennlig":null,"Tas_inn_for_vinteren":null,"Merknader":null,"NummerplateId":null}},{"type":"Feature","id":969,"geometry":{"type":"Point","coordinates":[9.64582747935852,59.6664899822188]},"properties":{"OBJECTID":969,"Type":"Oslobenker","Materiale":null,"HC_vennlig":null,"Tas_inn_for_vinteren":null,"Merknader":null,"NummerplateId":null}},{"type":"Feature","id":970,"geometry":{"type":"Point","coordinates":[9.64546230640929,59.6665346621704]},"properties":{"OBJECTID":970,"Type":"Oslobenker","Materiale":null,"HC_vennlig":null,"Tas_inn_for_vinteren":null,"Merknader":null,"NummerplateId":null}},{"type":"Feature","id":971,"geometry":{"type":"Point","coordinates":[9.64486015810336,59.6653539277763]},"properties":{"OBJECTID":971,"Type":"Smijernsbenker","Materiale":null,"HC_vennlig":null,"Tas_inn_for_vinteren":null,"Merknader":null,"NummerplateId":null}},{"type":"Feature","id":972,"geometry":{"type":"Point","coordinates":[9.64664692925427,59.666290713054]},"properties":{"OBJECTID":972,"Type":"Oslobenker","Materiale":null,"HC_vennlig":null,"Tas_inn_for_vinteren":null,"Merknader":null,"NummerplateId":null}},{"type":"Feature","id":973,"geometry":{"type":"Point","coordinates":[9.64851983084436,59.6669068252642]},"properties":{"OBJECTID":973,"Type":null,"Materiale":null,"HC_vennlig":null,"Tas_inn_for_vinteren":null,"Merknader":null,"NummerplateId":null}},{"type":"Feature","id":974,"geometry":{"type":"Point","coordinates":[9.64971779622194,59.6684505194375]},"properties":{"OBJECTID":974,"Type":"Smijernsbenker","Materiale":null,"HC_vennlig":null,"Tas_inn_for_vinteren":null,"Merknader":null,"NummerplateId":null}},{"type":"Feature","id":975,"geometry":{"type":"Point","coordinates":[9.63947668313125,59.6537585663854]},"properties":{"OBJECTID":975,"Type":"ASVO benker med rygg","Materiale":"Tre","HC_vennlig":null,"Tas_inn_for_vinteren":null,"Merknader":null,"NummerplateId":null}},{"type":"Feature","id":976,"geometry":{"type":"Point","coordinates":[9.63668593364627,59.6453914502872]},"properties":{"OBJECTID":976,"Type":"ASVO benker uten rygg","Materiale":"Tre","HC_vennlig":null,"Tas_inn_for_vinteren":null,"Merknader":null,"NummerplateId":null}},{"type":"Feature","id":977,"geometry":{"type":"Point","coordinates":[9.64428809675372,59.6387694255494]},"properties":{"OBJECTID":977,"Type":"ASVO benker med rygg","Materiale":"Tre","HC_vennlig":null,"Tas_inn_for_vinteren":null,"Merknader":null,"NummerplateId":null}},{"type":"Feature","id":978,"geometry":{"type":"Point","coordinates":[9.64516878295191,59.6383759162987]},"properties":{"OBJECTID":978,"Type":"ASVO benker med rygg","Materiale":"Tre","HC_vennlig":null,"Tas_inn_for_vinteren":null,"Merknader":null,"NummerplateId":null}},{"type":"Feature","id":979,"geometry":{"type":"Point","coordinates":[9.64528173351905,59.6383783670871]},"properties":{"OBJECTID":979,"Type":"ASVO benker med rygg","Materiale":"Tre","HC_vennlig":null,"Tas_inn_for_vinteren":null,"Merknader":null,"NummerplateId":null}},{"type":"Feature","id":980,"geometry":{"type":"Point","coordinates":[9.64907615053656,59.6396336830417]},"properties":{"OBJECTID":980,"Type":"Aubade","Materiale":null,"HC_vennlig":null,"Tas_inn_for_vinteren":null,"Merknader":null,"NummerplateId":null}},{"type":"Feature","id":981,"geometry":{"type":"Point","coordinates":[9.64545235031464,59.6288343830695]},"properties":{"OBJECTID":981,"Type":"ASVO benker uten rygg","Materiale":"Tre","HC_vennlig":null,"Tas_inn_for_vinteren":null,"Merknader":null,"NummerplateId":null}},{"type":"Feature","id":982,"geometry":{"type":"Point","coordinates":[9.64839981742894,59.6286914165244]},"properties":{"OBJECTID":982,"Type":null,"Materiale":null,"HC_vennlig":null,"Tas_inn_for_vinteren":null,"Merknader":null,"NummerplateId":null}},{"type":"Feature","id":983,"geometry":{"type":"Point","coordinates":[9.64844153378457,59.6287451165839]},"properties":{"OBJECTID":983,"Type":null,"Materiale":null,"HC_vennlig":null,"Tas_inn_for_vinteren":null,"Merknader":null,"NummerplateId":null}},{"type":"Feature","id":984,"geometry":{"type":"Point","coordinates":[9.64867580138307,59.6288210650204]},"properties":{"OBJECTID":984,"Type":"Champetre","Materiale":"Tre","HC_vennlig":null,"Tas_inn_for_vinteren":null,"Merknader":null,"NummerplateId":null}},{"type":"Feature","id":985,"geometry":{"type":"Point","coordinates":[9.5836699997178,59.6421033336842]},"properties":{"OBJECTID":985,"Type":"Tømmerbenk","Materiale":null,"HC_vennlig":null,"Tas_inn_for_vinteren":null,"Merknader":"Svært gammel, burde byttes","NummerplateId":null}},{"type":"Feature","id":986,"geometry":{"type":"Point","coordinates":[9.58355856118347,59.6421627616076]},"properties":{"OBJECTID":986,"Type":"Tømmerbenk","Materiale":null,"HC_vennlig":null,"Tas_inn_for_vinteren":null,"Merknader":null,"NummerplateId":"Svært gammel, burde byttes "}},{"type":"Feature","id":987,"geometry":{"type":"Point","coordinates":[9.56573975826013,59.6419697233799]},"properties":{"OBJECTID":987,"Type":null,"Materiale":null,"HC_vennlig":null,"Tas_inn_for_vinteren":null,"Merknader":null,"NummerplateId":null}},{"type":"Feature","id":988,"geometry":{"type":"Point","coordinates":[9.56593682109452,59.6419670798728]},"properties":{"OBJECTID":988,"Type":null,"Materiale":null,"HC_vennlig":null,"Tas_inn_for_vinteren":null,"Merknader":null,"NummerplateId":null}},{"type":"Feature","id":989,"geometry":{"type":"Point","coordinates":[9.61802833376655,59.6462066669457]},"properties":{"OBJECTID":989,"Type":null,"Materiale":null,"HC_vennlig":null,"Tas_inn_for_vinteren":null,"Merknader":"Middeks god kondisjon","NummerplateId":"26"}},{"type":"Feature","id":990,"geometry":{"type":"Point","coordinates":[9.61802999988176,59.646171666713]},"properties":{"OBJECTID":990,"Type":null,"Materiale":null,"HC_vennlig":null,"Tas_inn_for_vinteren":null,"Merknader":null,"NummerplateId":null}},{"type":"Feature","id":991,"geometry":{"type":"Point","coordinates":[9.61802666750289,59.6461566669502]},"properties":{"OBJECTID":991,"Type":null,"Materiale":null,"HC_vennlig":null,"Tas_inn_for_vinteren":null,"Merknader":null,"NummerplateId":null}},{"type":"Feature","id":992,"geometry":{"type":"Point","coordinates":[9.59272666629584,59.6909550004429]},"properties":{"OBJECTID":992,"Type":"ASVO benker med rygg","Materiale":null,"HC_vennlig":null,"Tas_inn_for_vinteren":null,"Merknader":"God kondisjon ","NummerplateId":"29"}},{"type":"Feature","id":993,"geometry":{"type":"Point","coordinates":[9.59022499915014,59.6856999997769]},"properties":{"OBJECTID":993,"Type":"Tømmerbenk","Materiale":null,"HC_vennlig":null,"Tas_inn_for_vinteren":null,"Merknader":null,"NummerplateId":"G30"}},{"type":"Feature","id":994,"geometry":{"type":"Point","coordinates":[9.59722666614037,59.6804900002055]},"properties":{"OBJECTID":994,"Type":"Tømmerbenk","Materiale":null,"HC_vennlig":null,"Tas_inn_for_vinteren":null,"Merknader":null,"NummerplateId":null}},{"type":"Feature","id":995,"geometry":{"type":"Point","coordinates":[9.60218333394106,59.6875466670599]},"properties":{"OBJECTID":995,"Type":null,"Materiale":null,"HC_vennlig":null,"Tas_inn_for_vinteren":null,"Merknader":null,"NummerplateId":null}},{"type":"Feature","id":996,"geometry":{"type":"Point","coordinates":[9.61295666687033,59.6739233332057]},"properties":{"OBJECTID":996,"Type":null,"Materiale":null,"HC_vennlig":null,"Tas_inn_for_vinteren":null,"Merknader":null,"NummerplateId":null}},{"type":"Feature","id":997,"geometry":{"type":"Point","coordinates":[9.68295892994749,59.6824376579023]},"properties":{"OBJECTID":997,"Type":"Aubade","Materiale":"Tre","HC_vennlig":null,"Tas_inn_for_vinteren":null,"Merknader":null,"NummerplateId":null}},{"type":"Feature","id":998,"geometry":{"type":"Point","coordinates":[9.61977271653053,59.6658936832158]},"properties":{"OBJECTID":998,"Type":"Aubade","Materiale":null,"HC_vennlig":null,"Tas_inn_for_vinteren":null,"Merknader":null,"NummerplateId":null}},{"type":"Feature","id":999,"geometry":{"type":"Point","coordinates":[9.57695336935608,59.6711044814304]},"properties":{"OBJECTID":999,"Type":null,"Materiale":null,"HC_vennlig":null,"Tas_inn_for_vinteren":null,"Merknader":null,"NummerplateId":null}},{"type":"Feature","id":1000,"geometry":{"type":"Point","coordinates":[9.59211666642298,59.6647766665656]},"properties":{"OBJECTID":1000,"Type":"Tømmerbenk","Materiale":null,"HC_vennlig":null,"Tas_inn_for_vinteren":null,"Merknader":null,"NummerplateId":"Nr: 52, god kondisjon"}},{"type":"Feature","id":1001,"geometry":{"type":"Point","coordinates":[9.67590904327322,59.6789618030857]},"properties":{"OBJECTID":1001,"Type":null,"Materiale":"Plast","HC_vennlig":null,"Tas_inn_for_vinteren":null,"Merknader":"Flere loops","NummerplateId":null}},{"type":"Feature","id":1002,"geometry":{"type":"Point","coordinates":[9.67621200285209,59.6787671462431]},"properties":{"OBJECTID":1002,"Type":null,"Materiale":"Plast","HC_vennlig":null,"Tas_inn_for_vinteren":null,"Merknader":"Flere loops","NummerplateId":null}},{"type":"Feature","id":1003,"geometry":{"type":"Point","coordinates":[9.60085850105819,59.706559576205]},"properties":{"OBJECTID":1003,"Type":"Champetre forlenget","Materiale":"Tre","HC_vennlig":null,"Tas_inn_for_vinteren":null,"Merknader":null,"NummerplateId":null}},{"type":"Feature","id":1004,"geometry":{"type":"Point","coordinates":[9.60011784926883,59.7061217936599]},"properties":{"OBJECTID":1004,"Type":"Aubade","Materiale":"Tre","HC_vennlig":null,"Tas_inn_for_vinteren":null,"Merknader":null,"NummerplateId":null}},{"type":"Feature","id":1005,"geometry":{"type":"Point","coordinates":[9.59988359985434,59.7061172829586]},"properties":{"OBJECTID":1005,"Type":"Aubade","Materiale":"Tre","HC_vennlig":null,"Tas_inn_for_vinteren":null,"Merknader":null,"NummerplateId":null}},{"type":"Feature","id":1006,"geometry":{"type":"Point","coordinates":[9.64354692942432,59.6647609594429]},"properties":{"OBJECTID":1006,"Type":null,"Materiale":null,"HC_vennlig":null,"Tas_inn_for_vinteren":null,"Merknader":null,"NummerplateId":null}},{"type":"Feature","id":1007,"geometry":{"type":"Point","coordinates":[9.6437514695534,59.6647518336541]},"properties":{"OBJECTID":1007,"Type":null,"Materiale":null,"HC_vennlig":null,"Tas_inn_for_vinteren":null,"Merknader":null,"NummerplateId":null}},{"type":"Feature","id":1008,"geometry":{"type":"Point","coordinates":[9.64375301151487,59.6646929154891]},"properties":{"OBJECTID":1008,"Type":null,"Materiale":null,"HC_vennlig":null,"Tas_inn_for_vinteren":null,"Merknader":null,"NummerplateId":null}},{"type":"Feature","id":1009,"geometry":{"type":"Point","coordinates":[9.64477875627778,59.6656592580979]},"properties":{"OBJECTID":1009,"Type":"Oslobenker","Materiale":null,"HC_vennlig":null,"Tas_inn_for_vinteren":null,"Merknader":null,"NummerplateId":null}},{"type":"Feature","id":1010,"geometry":{"type":"Point","coordinates":[9.64355287104262,59.6650506502491]},"properties":{"OBJECTID":1010,"Type":"Oslobenker","Materiale":null,"HC_vennlig":null,"Tas_inn_for_vinteren":null,"Merknader":null,"NummerplateId":null}},{"type":"Feature","id":1011,"geometry":{"type":"Point","coordinates":[9.64351938436493,59.6650483351114]},"properties":{"OBJECTID":1011,"Type":"Oslobenker","Materiale":null,"HC_vennlig":null,"Tas_inn_for_vinteren":null,"Merknader":null,"NummerplateId":null}},{"type":"Feature","id":1012,"geometry":{"type":"Point","coordinates":[9.64347597837792,59.6650487599176]},"properties":{"OBJECTID":1012,"Type":"Oslobenker","Materiale":null,"HC_vennlig":null,"Tas_inn_for_vinteren":null,"Merknader":null,"NummerplateId":null}},{"type":"Feature","id":1013,"geometry":{"type":"Point","coordinates":[9.64947756385689,59.6712085260645]},"properties":{"OBJECTID":1013,"Type":"Oslobenker","Materiale":null,"HC_vennlig":null,"Tas_inn_for_vinteren":null,"Merknader":null,"NummerplateId":null}},{"type":"Feature","id":1014,"geometry":{"type":"Point","coordinates":[9.63828961629056,59.6787983836611]},"properties":{"OBJECTID":1014,"Type":null,"Materiale":null,"HC_vennlig":null,"Tas_inn_for_vinteren":null,"Merknader":null,"NummerplateId":null}},{"type":"Feature","id":1015,"geometry":{"type":"Point","coordinates":[9.63875184385515,59.6817251234832]},"properties":{"OBJECTID":1015,"Type":null,"Materiale":null,"HC_vennlig":null,"Tas_inn_for_vinteren":null,"Merknader":null,"NummerplateId":null}},{"type":"Feature","id":1016,"geometry":{"type":"Point","coordinates":[9.64004578157656,59.6835756009869]},"properties":{"OBJECTID":1016,"Type":null,"Materiale":null,"HC_vennlig":null,"Tas_inn_for_vinteren":null,"Merknader":null,"NummerplateId":null}},{"type":"Feature","id":1017,"geometry":{"type":"Point","coordinates":[9.64025964685286,59.6839870143326]},"properties":{"OBJECTID":1017,"Type":null,"Materiale":null,"HC_vennlig":null,"Tas_inn_for_vinteren":null,"Merknader":null,"NummerplateId":null}},{"type":"Feature","id":1018,"geometry":{"type":"Point","coordinates":[9.64043819723141,59.6851579306645]},"properties":{"OBJECTID":1018,"Type":null,"Materiale":null,"HC_vennlig":null,"Tas_inn_for_vinteren":null,"Merknader":null,"NummerplateId":null}},{"type":"Feature","id":1019,"geometry":{"type":"Point","coordinates":[9.64201888325789,59.6864014249237]},"properties":{"OBJECTID":1019,"Type":null,"Materiale":null,"HC_vennlig":null,"Tas_inn_for_vinteren":null,"Merknader":null,"NummerplateId":null}},{"type":"Feature","id":1020,"geometry":{"type":"Point","coordinates":[9.63953048258773,59.6884333999837]},"properties":{"OBJECTID":1020,"Type":null,"Materiale":null,"HC_vennlig":null,"Tas_inn_for_vinteren":null,"Merknader":null,"NummerplateId":null}},{"type":"Feature","id":1021,"geometry":{"type":"Point","coordinates":[9.63978629409983,59.6866931291492]},"properties":{"OBJECTID":1021,"Type":null,"Materiale":null,"HC_vennlig":null,"Tas_inn_for_vinteren":null,"Merknader":null,"NummerplateId":null}},{"type":"Feature","id":1022,"geometry":{"type":"Point","coordinates":[9.64019380052454,59.6858800832897]},"properties":{"OBJECTID":1022,"Type":null,"Materiale":null,"HC_vennlig":null,"Tas_inn_for_vinteren":null,"Merknader":null,"NummerplateId":null}},{"type":"Feature","id":1023,"geometry":{"type":"Point","coordinates":[9.64097957256324,59.6855344835279]},"properties":{"OBJECTID":1023,"Type":null,"Materiale":null,"HC_vennlig":null,"Tas_inn_for_vinteren":null,"Merknader":null,"NummerplateId":null}},{"type":"Feature","id":1024,"geometry":{"type":"Point","coordinates":[9.64150028870362,59.68742566075]},"properties":{"OBJECTID":1024,"Type":null,"Materiale":null,"HC_vennlig":null,"Tas_inn_for_vinteren":null,"Merknader":"fikk ikke ta bilde. type ny benk okt. 2024","NummerplateId":null}},{"type":"Feature","id":1025,"geometry":{"type":"Point","coordinates":[9.63931240439262,59.6873887623671]},"properties":{"OBJECTID":1025,"Type":null,"Materiale":null,"HC_vennlig":null,"Tas_inn_for_vinteren":null,"Merknader":"fikk ikke ta bilde. type ny benk okt. 2024","NummerplateId":null}},{"type":"Feature","id":1026,"geometry":{"type":"Point","coordinates":[9.64001955200132,59.6711566722861]},"properties":{"OBJECTID":1026,"Type":null,"Materiale":null,"HC_vennlig":null,"Tas_inn_for_vinteren":null,"Merknader":null,"NummerplateId":null}},{"type":"Feature","id":1027,"geometry":{"type":"Point","coordinates":[9.64328140843597,59.6686470999852]},"properties":{"OBJECTID":1027,"Type":null,"Materiale":null,"HC_vennlig":null,"Tas_inn_for_vinteren":null,"Merknader":null,"NummerplateId":null}},{"type":"Feature","id":1028,"geometry":{"type":"Point","coordinates":[9.63880383682315,59.6729175116317]},"properties":{"OBJECTID":1028,"Type":null,"Materiale":null,"HC_vennlig":null,"Tas_inn_for_vinteren":null,"Merknader":null,"NummerplateId":null}},{"type":"Feature","id":1029,"geometry":{"type":"Point","coordinates":[9.63826801865712,59.673401446863]},"properties":{"OBJECTID":1029,"Type":null,"Materiale":null,"HC_vennlig":null,"Tas_inn_for_vinteren":null,"Merknader":null,"NummerplateId":null}},{"type":"Feature","id":1030,"geometry":{"type":"Point","coordinates":[9.63799966338959,59.673885334301]},"properties":{"OBJECTID":1030,"Type":null,"Materiale":null,"HC_vennlig":null,"Tas_inn_for_vinteren":null,"Merknader":null,"NummerplateId":null}},{"type":"Feature","id":1031,"geometry":{"type":"Point","coordinates":[9.63790913186065,59.6744235415598]},"properties":{"OBJECTID":1031,"Type":null,"Materiale":null,"HC_vennlig":null,"Tas_inn_for_vinteren":null,"Merknader":null,"NummerplateId":null}},{"type":"Feature","id":1032,"geometry":{"type":"Point","coordinates":[9.63776494654678,59.6757291000828]},"properties":{"OBJECTID":1032,"Type":null,"Materiale":null,"HC_vennlig":null,"Tas_inn_for_vinteren":null,"Merknader":null,"NummerplateId":null}},{"type":"Feature","id":1033,"geometry":{"type":"Point","coordinates":[9.63767876312467,59.6756843935747]},"properties":{"OBJECTID":1033,"Type":null,"Materiale":null,"HC_vennlig":null,"Tas_inn_for_vinteren":null,"Merknader":"betongbenk med sjakkspill på","NummerplateId":null}},{"type":"Feature","id":1034,"geometry":{"type":"Point","coordinates":[9.63743019967376,59.6755541000683]},"properties":{"OBJECTID":1034,"Type":null,"Materiale":null,"HC_vennlig":null,"Tas_inn_for_vinteren":null,"Merknader":null,"NummerplateId":null}},{"type":"Feature","id":1035,"geometry":{"type":"Point","coordinates":[9.63750833317047,59.6755050831728]},"properties":{"OBJECTID":1035,"Type":null,"Materiale":null,"HC_vennlig":null,"Tas_inn_for_vinteren":null,"Merknader":null,"NummerplateId":null}},{"type":"Feature","id":1036,"geometry":{"type":"Point","coordinates":[9.6376003007541,59.6754854829892]},"properties":{"OBJECTID":1036,"Type":null,"Materiale":null,"HC_vennlig":null,"Tas_inn_for_vinteren":null,"Merknader":null,"NummerplateId":null}},{"type":"Feature","id":1037,"geometry":{"type":"Point","coordinates":[9.63776441656436,59.6754667166048]},"properties":{"OBJECTID":1037,"Type":null,"Materiale":null,"HC_vennlig":null,"Tas_inn_for_vinteren":null,"Merknader":null,"NummerplateId":null}},{"type":"Feature","id":1038,"geometry":{"type":"Point","coordinates":[9.63783534933542,59.6754875834897]},"properties":{"OBJECTID":1038,"Type":null,"Materiale":null,"HC_vennlig":null,"Tas_inn_for_vinteren":null,"Merknader":null,"NummerplateId":null}},{"type":"Feature","id":1039,"geometry":{"type":"Point","coordinates":[9.6378717168597,59.6755163330458]},"properties":{"OBJECTID":1039,"Type":null,"Materiale":null,"HC_vennlig":null,"Tas_inn_for_vinteren":null,"Merknader":null,"NummerplateId":null}},{"type":"Feature","id":1040,"geometry":{"type":"Point","coordinates":[9.63786524963993,59.6752592299078]},"properties":{"OBJECTID":1040,"Type":null,"Materiale":null,"HC_vennlig":null,"Tas_inn_for_vinteren":null,"Merknader":null,"NummerplateId":null}},{"type":"Feature","id":1041,"geometry":{"type":"Point","coordinates":[9.60183601675574,59.6272943165222]},"properties":{"OBJECTID":1041,"Type":"Champetre forlenget","Materiale":"Tre","HC_vennlig":null,"Tas_inn_for_vinteren":null,"Merknader":null,"NummerplateId":null}},{"type":"Feature","id":1042,"geometry":{"type":"Point","coordinates":[9.6017610158937,59.6273448330215]},"properties":{"OBJECTID":1042,"Type":"Champetre forlenget","Materiale":"Tre","HC_vennlig":null,"Tas_inn_for_vinteren":null,"Merknader":null,"NummerplateId":null}},{"type":"Feature","id":1043,"geometry":{"type":"Point","coordinates":[9.64040554379899,59.670379072506]},"properties":{"OBJECTID":1043,"Type":null,"Materiale":null,"HC_vennlig":null,"Tas_inn_for_vinteren":null,"Merknader":null,"NummerplateId":null}},{"type":"Feature","id":1044,"geometry":{"type":"Point","coordinates":[9.64041018976991,59.6703871767232]},"properties":{"OBJECTID":1044,"Type":null,"Materiale":null,"HC_vennlig":null,"Tas_inn_for_vinteren":null,"Merknader":null,"NummerplateId":null}},{"type":"Feature","id":1045,"geometry":{"type":"Point","coordinates":[9.645177433225,59.6679207331559]},"properties":{"OBJECTID":1045,"Type":null,"Materiale":null,"HC_vennlig":null,"Tas_inn_for_vinteren":null,"Merknader":null,"NummerplateId":null}},{"type":"Feature","id":1046,"geometry":{"type":"Point","coordinates":[9.64516290493111,59.6679338192992]},"properties":{"OBJECTID":1046,"Type":null,"Materiale":null,"HC_vennlig":null,"Tas_inn_for_vinteren":null,"Merknader":null,"NummerplateId":null}}]}